Title,Language,Genres,Rating,Premiered,Status,Rating_Percent,Release_Year,Show_Age,Popularity,Main_Genre
Under the Dome,English,"Drama, Science-Fiction, Thriller",6.6,2013-06-24,Ended,66.0,2013,13,Medium,Drama
Person of Interest,English,"Action, Crime, Science-Fiction",8.8,2011-09-22,Ended,88.0,2011,15,High,Action
Bitten,English,"Drama, Horror, Romance",7.4,2014-01-11,Ended,74.0,2014,12,Medium,Drama
Arrow,English,"Drama, Action, Science-Fiction",7.4,2012-10-10,Ended,74.0,2012,14,Medium,Drama
True Detective,English,"Drama, Crime, Thriller",8.1,2014-01-12,Running,81.0,2014,12,High,Drama
The 100,English,"Action, Adventure, Science-Fiction",7.7,2014-03-19,Ended,77.0,2014,12,Medium,Action
Homeland,English,"Drama, Thriller, Espionage",8.2,2011-10-02,Ended,82.0,2011,15,High,Drama
Glee,English,"Drama, Music, Romance",6.6,2009-05-19,Ended,66.0,2009,17,Medium,Drama
Revenge,English,"Drama, Thriller, Mystery",7.7,2011-09-21,Ended,77.0,2011,15,Medium,Drama
Grimm,English,"Drama, Crime, Supernatural",8.4,2011-10-28,Ended,84.0,2011,15,High,Drama
Gotham,English,"Drama, Action, Crime",7.7,2014-09-22,Ended,77.0,2014,12,Medium,Drama
Lost Girl,English,"Drama, Fantasy, Horror",7.9,2010-09-12,Ended,79.0,2010,16,Medium,Drama
The Flash,English,"Drama, Action, Science-Fiction",7.5,2014-10-07,Ended,75.0,2014,12,Medium,Drama
Continuum,English,"Drama, Crime, Science-Fiction",8.0,2012-05-27,Ended,80.0,2012,14,High,Drama
Constantine,English,"Drama, Action, Horror",7.5,2014-10-24,Ended,75.0,2014,12,Medium,Drama
Penny Dreadful,English,"Horror, Thriller, Supernatural",8.2,2014-05-11,Ended,82.0,2014,12,High,Horror
The Amazing Race,English,"Action, Adventure, Family",6.8,2001-09-05,Running,68.0,2001,25,Medium,Action
Supernatural,English,"Drama, Action, Supernatural",8.3,2005-09-13,Ended,83.0,2005,21,High,Drama
The Strain,English,"Drama, Horror, Thriller",7.5,2014-07-13,Ended,75.0,2014,12,Medium,Drama
The Last Ship,English,"Drama, Action, Thriller",7.5,2014-06-22,Ended,75.0,2014,12,Medium,Drama
True Blood,English,"Drama, Romance, Supernatural",7.9,2008-09-07,Ended,79.0,2008,18,Medium,Drama
Once Upon a Time in Wonderland,English,"Drama, Adventure, Fantasy",6.8,2013-10-10,Ended,68.0,2013,13,Medium,Drama
Hawaii Five-0,English,"Drama, Action, Crime",7.7,2010-09-20,Ended,77.0,2010,16,Medium,Drama
Hellsing,Japanese,"Anime, Horror, Supernatural",7.3,2001-10-10,Ended,73.0,2001,25,Medium,Anime
Hellsing Ultimate,Japanese,"Drama, Action, Anime, Horror",7.6,2006-02-10,Ended,76.0,2006,20,Medium,Drama
Berserk,Japanese,"Anime, Fantasy, Horror",8.1,1997-10-07,Ended,81.0,1997,29,High,Anime
Californication,English,"Drama, Comedy",7.8,2007-08-13,Ended,78.0,2007,19,Medium,Drama
Vikings,English,"Drama, Action, History",8.6,2013-03-03,Ended,86.0,2013,13,High,Drama
American Horror Story,English,"Drama, Horror, Thriller",7.5,2011-10-05,Running,75.0,2011,15,Medium,Drama
Marvel's Agents of S.H.I.E.L.D.,English,"Action, Adventure, Science-Fiction",8.0,2013-09-24,Ended,80.0,2013,13,High,Action
Fargo,English,"Drama, Comedy, Crime",8.7,2014-04-15,To Be Determined,87.0,2014,12,High,Drama
Hemlock Grove,English,"Drama, Horror, Thriller",6.9,2013-04-19,Ended,69.0,2013,13,Medium,Drama
Helix,English,"Horror, Science-Fiction, Thriller",6.4,2014-01-10,Ended,64.0,2014,12,Medium,Horror
The Killing,English,"Drama, Crime, Thriller",8.2,2011-04-03,Ended,82.0,2011,15,High,Drama
Intruders,English,"Drama, Fantasy, Thriller",7.2,2014-08-23,Ended,72.0,2014,12,Medium,Drama
Z Nation,English,"Action, Horror, Science-Fiction",7.2,2014-09-12,Ended,72.0,2014,12,Medium,Action
Resurrection,English,"Drama, Science-Fiction, Mystery",7.1,2014-03-09,Ended,71.0,2014,12,Medium,Drama
Death Note,Japanese,"Anime, Fantasy, Thriller",8.8,2006-10-03,Ended,88.0,2006,20,High,Anime
Last Man Standing,English,"Comedy, Family",7.8,2011-10-11,Ended,78.0,2011,15,Medium,Comedy
Sleepy Hollow,English,"Drama, Mystery, Supernatural",7.5,2013-09-16,Ended,75.0,2013,13,Medium,Drama
Outlander,English,"Adventure, Romance, Science-Fiction",7.9,2014-08-09,Running,79.0,2014,12,Medium,Adventure
Scorpion,English,"Drama, Action, Thriller",7.3,2014-09-22,Ended,73.0,2014,12,Medium,Drama
NCIS: New Orleans,English,"Drama, Crime",7.5,2014-09-23,Ended,75.0,2014,12,Medium,Drama
Forever,English,"Drama, Crime, Supernatural",8.1,2014-09-22,Ended,81.0,2014,12,High,Drama
Witches of East End,English,"Drama, Fantasy, Romance",7.5,2013-10-06,Ended,75.0,2013,13,Medium,Drama
Madam Secretary,English,Drama,7.7,2014-09-21,Ended,77.0,2014,12,Medium,Drama
Brooklyn Nine-Nine,English,"Comedy, Action, Crime",8.1,2013-09-17,Ended,81.0,2013,13,High,Comedy
The Lottery,English,"Drama, Science-Fiction, Thriller",6.5,2014-07-20,Ended,65.0,2014,12,Medium,Drama
The Knick,English,"Drama, Medical",8.3,2014-08-08,Ended,83.0,2014,12,High,Drama
How to Get Away with Murder,English,"Drama, Thriller, Legal",7.5,2014-09-25,Ended,75.0,2014,12,Medium,Drama
Nashville,English,"Drama, Music, Romance",7.4,2012-10-10,Ended,74.0,2012,14,Medium,Drama
Legends,English,"Drama, Crime, Thriller",7.5,2014-08-13,Ended,75.0,2014,12,Medium,Drama
Red Band Society,English,"Drama, Comedy",7.7,2014-09-17,Ended,77.0,2014,12,Medium,Drama
Chicago P.D.,English,"Drama, Crime",8.0,2014-01-08,Running,80.0,2014,12,High,Drama
black-ish,English,"Comedy, Family",6.1,2014-09-24,Ended,61.0,2014,12,Medium,Comedy
New Girl,English,"Comedy, Romance",7.2,2011-09-20,Ended,72.0,2011,15,Medium,Comedy
Chicago Fire,English,"Drama, Action",8.0,2012-10-10,Running,80.0,2012,14,High,Drama
NCIS,English,"Drama, Action, Crime",7.9,2003-09-23,Running,79.0,2003,23,Medium,Drama
Orphan Black,English,"Drama, Science-Fiction, Thriller",8.5,2013-03-30,Ended,85.0,2013,13,High,Drama
The Originals,English,"Drama, Romance, Supernatural",8.2,2013-10-03,Ended,82.0,2013,13,High,Drama
The Vampire Diaries,English,"Drama, Romance, Supernatural",7.9,2009-09-10,Ended,79.0,2009,17,Medium,Drama
Utopia,English,"Drama, Science-Fiction, Thriller",8.4,2013-01-15,Ended,84.0,2013,13,High,Drama
Bones,English,"Drama, Crime, Medical",8.1,2005-09-13,Ended,81.0,2005,21,High,Drama
The Big Bang Theory,English,Comedy,8.0,2007-09-24,Ended,80.0,2007,19,High,Comedy
Grey's Anatomy,English,"Drama, Romance, Medical",7.6,2005-03-27,Running,76.0,2005,21,Medium,Drama
Castle,English,"Drama, Crime",8.2,2009-03-09,Ended,82.0,2009,17,High,Drama
The Blacklist,English,"Drama, Crime, Thriller",8.1,2013-09-23,Ended,81.0,2013,13,High,Drama
The Voice,English,Music,5.8,2011-04-26,Running,58.0,2011,15,Low,Music
Dancing with the Stars,English,Family,6.4,2005-06-01,To Be Determined,64.0,2005,21,Medium,Family
NCIS: Los Angeles,English,"Drama, Action, Crime",7.9,2009-09-22,Ended,79.0,2009,17,Medium,Drama
The Walking Dead,English,"Drama, Action, Horror",7.9,2010-10-31,Ended,79.0,2010,16,Medium,Drama
Hell on Wheels,English,"Drama, Action, Western",8.2,2011-11-06,Ended,82.0,2011,15,High,Drama
The Mindy Project,English,"Comedy, Romance, Medical",7.0,2012-09-25,Ended,70.0,2012,14,Medium,Comedy
Sons of Anarchy,English,"Drama, Action, Crime",8.3,2008-09-03,Ended,83.0,2008,18,High,Drama
The Middle,English,"Comedy, Family",8.0,2009-09-30,Ended,80.0,2009,17,High,Comedy
The Mysteries of Laura,English,"Comedy, Crime, Mystery",7.3,2014-09-17,Ended,73.0,2014,12,Medium,Comedy
The Goldbergs,English,"Comedy, Family",7.5,2013-09-24,Ended,75.0,2013,13,Medium,Comedy
Modern Family,English,"Comedy, Family",7.7,2009-09-23,Ended,77.0,2009,17,Medium,Comedy
Criminal Minds,English,"Drama, Crime, Thriller",8.1,2005-09-22,Running,81.0,2005,21,High,Drama
Game of Thrones,English,"Drama, Adventure, Fantasy",8.9,2011-04-17,Ended,89.0,2011,15,High,Drama
The Simpsons,English,"Comedy, Family",8.1,1989-12-17,Running,81.0,1989,37,High,Comedy
Family Guy,English,"Comedy, Family",7.5,1999-01-31,Running,75.0,1999,27,Medium,Comedy
Stalker,English,"Crime, Thriller",7.5,2014-10-01,Ended,75.0,2014,12,Medium,Crime
The Bridge,English,"Drama, Crime, Thriller",7.5,2013-07-10,Ended,75.0,2013,13,Medium,Drama
Reign,English,"Drama, Romance, History",7.6,2013-10-17,Ended,76.0,2013,13,Medium,Drama
Unforgettable,English,"Drama, Crime",7.5,2011-09-20,Ended,75.0,2011,15,Medium,Drama
Haven,English,"Drama, Crime, Supernatural",8.0,2010-07-09,Ended,80.0,2010,16,High,Drama
Bad Judge,English,"Comedy, Family",7.4,2014-10-02,Ended,74.0,2014,12,Medium,Comedy
A to Z,English,"Comedy, Romance",6.7,2014-10-02,Ended,67.0,2014,12,Medium,Comedy
Parenthood,English,"Drama, Comedy, Family",8.0,2010-03-02,Ended,80.0,2010,16,High,Drama
Defiance,English,"Action, Adventure, Science-Fiction",7.8,2013-04-15,Ended,78.0,2013,13,Medium,Action
Falling Skies,English,"Drama, Action, Science-Fiction",7.6,2011-06-19,Ended,76.0,2011,15,Medium,Drama
Manhattan Love Story,English,"Comedy, Romance",5.4,2014-09-30,Ended,54.0,2014,12,Low,Comedy
The Biggest Loser,English,Unknown,6.0,2004-10-19,Ended,60.0,2004,22,Medium,Unknown
Scandal,English,"Drama, Thriller",7.8,2012-04-05,Ended,78.0,2012,14,Medium,Drama
America's Next Top Model,English,Unknown,5.5,2003-05-20,Ended,55.0,2003,23,Low,Unknown
Blue Bloods,English,"Drama, Crime",8.1,2010-09-24,Ended,81.0,2010,16,High,Drama
The Good Wife,English,"Drama, Crime, Legal",8.1,2009-09-22,Ended,81.0,2009,17,High,Drama
Boardwalk Empire,English,"Drama, Crime",8.3,2010-09-19,Ended,83.0,2010,16,High,Drama
Law & Order: Special Victims Unit,English,"Drama, Crime, Legal",7.9,1999-09-20,Running,79.0,1999,27,Medium,Drama
Dominion,English,"Action, Adventure, Fantasy",7.2,2014-06-19,Ended,72.0,2014,12,Medium,Action
From Dusk Till Dawn: The Series,English,"Action, Crime, Horror",6.5,2014-03-11,Ended,65.0,2014,12,Medium,Action
Justified,English,"Drama, Crime, Western",8.7,2010-03-16,Ended,87.0,2010,16,High,Drama
Bob's Burgers,English,"Comedy, Family",7.9,2011-01-09,Running,79.0,2011,15,Medium,Comedy
Mulaney,English,"Comedy, Family",6.0,2014-10-05,Ended,60.0,2014,12,Medium,Comedy
CSI: Crime Scene Investigation,English,"Drama, Action, Crime",8.1,2000-10-06,Ended,81.0,2000,26,High,Drama
Gracepoint,English,"Drama, Crime, Mystery",7.5,2014-10-02,Ended,75.0,2014,12,Medium,Drama
Once Upon a Time,English,"Drama, Fantasy, Romance",7.5,2011-10-23,Ended,75.0,2011,15,Medium,Drama
South Park,English,Comedy,8.2,1997-08-13,Running,82.0,1997,29,High,Comedy
Survivor,English,Adventure,7.3,2000-05-31,Running,73.0,2000,26,Medium,Adventure
King of the Hill,English,Comedy,7.6,1997-01-12,Running,76.0,1997,29,Medium,Comedy
The Mentalist,English,"Drama, Crime, Mystery",8.2,2008-09-23,Ended,82.0,2008,18,High,Drama
Star Wars: Rebels,English,"Action, Adventure, Science-Fiction",7.9,2014-09-29,Ended,79.0,2014,12,Medium,Action
House,English,"Drama, Mystery, Medical",8.8,2004-11-16,Ended,88.0,2004,22,High,Drama
Transparent,English,"Drama, Comedy",7.3,2014-09-26,Ended,73.0,2014,12,Medium,Drama
Nikita,English,"Drama, Action, Crime",7.8,2010-09-09,Ended,78.0,2010,16,Medium,Drama
Lost,English,"Drama, Adventure, Supernatural",8.2,2004-09-22,Ended,82.0,2004,22,High,Drama
2 Broke Girls,English,Comedy,7.2,2011-09-19,Ended,72.0,2011,15,Medium,Comedy
Selfie,English,"Comedy, Romance",7.1,2014-09-30,Ended,71.0,2014,12,Medium,Comedy
Mom,English,"Comedy, Family",7.6,2013-09-23,Ended,76.0,2013,13,Medium,Comedy
The Affair,English,"Drama, Romance",7.7,2014-10-12,Ended,77.0,2014,12,Medium,Drama
Jane the Virgin,English,"Drama, Crime, Romance",7.3,2014-10-13,Ended,73.0,2014,12,Medium,Drama
Marry Me,English,Comedy,5.4,2014-10-14,Ended,54.0,2014,12,Low,Comedy
Two and a Half Men,English,Comedy,6.6,2003-09-22,Ended,66.0,2003,23,Medium,Comedy
About a Boy,English,"Drama, Comedy, Romance",6.5,2014-02-22,Ended,65.0,2014,12,Medium,Drama
The Millers,English,Comedy,6.2,2013-10-03,Ended,62.0,2013,13,Medium,Comedy
Elementary,English,"Drama, Crime, Mystery",8.3,2012-09-27,Ended,83.0,2012,14,High,Drama
Heroes,English,"Drama, Action, Science-Fiction",7.7,2006-09-25,Ended,77.0,2006,20,Medium,Drama
The McCarthys,English,"Comedy, Family",6.8,2014-10-30,Ended,68.0,2014,12,Medium,Comedy
Cristela,English,"Comedy, Legal",7.0,2014-10-10,Ended,70.0,2014,12,Medium,Comedy
The Leftovers,English,"Drama, Science-Fiction, Thriller",8.0,2014-06-29,Ended,80.0,2014,12,High,Drama
Girls,English,"Drama, Romance",6.4,2012-04-15,Ended,64.0,2012,14,Medium,Drama
Looking,English,"Drama, Comedy, Romance",7.2,2014-01-19,Ended,72.0,2014,12,Medium,Drama
Getting On,English,"Comedy, Medical",6.9,2013-11-24,Ended,69.0,2013,13,Medium,Comedy
Veep,English,Comedy,7.8,2012-04-22,Ended,78.0,2012,14,Medium,Comedy
Silicon Valley,English,Comedy,8.4,2014-04-06,Ended,84.0,2014,12,High,Comedy
The Comeback,English,Comedy,7.9,2005-06-05,Running,79.0,2005,21,Medium,Comedy
House of Lies,English,"Drama, Comedy",7.9,2012-01-08,Ended,79.0,2012,14,Medium,Drama
Episodes,English,Comedy,7.8,2011-01-09,Ended,78.0,2011,15,Medium,Comedy
Nurse Jackie,English,"Drama, Comedy",7.8,2009-06-08,Ended,78.0,2009,17,Medium,Drama
Web Therapy,English,Comedy,7.1,2011-07-19,Ended,71.0,2011,15,Medium,Comedy
Masters of Sex,English,"Drama, Romance, History",7.3,2013-09-29,Ended,73.0,2013,13,Medium,Drama
Shameless,English,"Drama, Comedy, Family",8.5,2011-01-09,Ended,85.0,2011,15,High,Drama
The Newsroom,English,Drama,8.4,2012-06-24,Ended,84.0,2012,14,High,Drama
Ray Donovan,English,"Drama, Action, Crime",8.1,2013-06-30,Ended,81.0,2013,13,High,Drama
Sanctuary,English,"Drama, Adventure, Science-Fiction",8.0,2008-10-03,Ended,80.0,2008,18,High,Drama
Beauty & the Beast,English,"Action, Romance, Science-Fiction",7.3,2012-10-11,Ended,73.0,2012,14,Medium,Action
Twin Peaks,English,"Crime, Mystery, Supernatural",8.0,1990-04-08,Ended,80.0,1990,36,High,Crime
The Americans,English,"Drama, Espionage",8.5,2013-01-30,Ended,85.0,2013,13,High,Drama
Fringe,English,"Drama, Action, Science-Fiction",8.6,2008-09-09,Ended,86.0,2008,18,High,Drama
State of Affairs,English,"Drama, Thriller",6.5,2014-11-17,Ended,65.0,2014,12,Medium,Drama
Weeds,English,"Drama, Comedy, Crime",7.9,2005-08-07,Ended,79.0,2005,21,Medium,Drama
Dexter,English,"Drama, Crime, Mystery",8.4,2006-10-01,Ended,84.0,2006,20,High,Drama
Carnivàle,English,"Drama, Fantasy, Horror",8.0,2003-09-14,Ended,80.0,2003,23,High,Drama
Human Target,English,"Action, Adventure, Crime",8.0,2010-01-17,Ended,80.0,2010,16,High,Action
Banshee,English,"Drama, Action, Crime",8.6,2013-01-11,Ended,86.0,2013,13,High,Drama
Bionic Woman,English,"Action, Science-Fiction",6.4,2007-09-26,Ended,64.0,2007,19,Medium,Action
Battlestar Galactica,English,"Drama, Science-Fiction, War",8.7,2003-12-08,Ended,87.0,2003,23,High,Drama
24,English,"Drama, Action, Thriller",8.3,2001-11-06,Ended,83.0,2001,25,High,Drama
Chuck,English,"Drama, Comedy, Action",8.2,2007-09-24,Ended,82.0,2007,19,High,Drama
Breaking Bad,English,"Drama, Crime, Thriller",9.2,2008-01-20,Ended,92.0,2008,18,High,Drama
Orange Is the New Black,English,"Drama, Comedy, Crime",7.9,2013-07-11,Ended,79.0,2013,13,Medium,Drama
How I Met Your Mother,English,"Drama, Comedy, Romance",7.9,2005-09-19,Ended,79.0,2005,21,Medium,Drama
Suits,English,"Drama, Legal",8.1,2011-06-23,Ended,81.0,2011,15,High,Drama
Parks and Recreation,English,Comedy,8.2,2009-04-09,Ended,82.0,2009,17,High,Comedy
House of Cards,English,"Drama, Thriller",8.2,2013-02-01,Ended,82.0,2013,13,High,Drama
Teen Wolf,English,"Drama, Romance, Supernatural",8.1,2011-06-05,Ended,81.0,2011,15,High,Drama
Pretty Little Liars,English,"Romance, Thriller, Mystery",7.4,2010-06-08,Ended,74.0,2010,16,Medium,Romance
The Legend of Korra,English,"Action, Adventure, Fantasy",8.1,2012-04-14,Ended,81.0,2012,14,High,Action
The Wire,English,"Drama, Crime",8.8,2002-06-02,Ended,88.0,2002,24,High,Drama
Firefly,English,"Drama, Adventure, Science-Fiction",8.9,2002-09-20,Ended,89.0,2002,24,High,Drama
Extant,English,"Drama, Science-Fiction, Thriller",7.3,2014-07-09,Ended,73.0,2014,12,Medium,Drama
Black Sails,English,"Drama, Action, Adventure",8.4,2014-01-25,Ended,84.0,2014,12,High,Drama
Tyrant,English,"Drama, Thriller",7.8,2014-06-24,Ended,78.0,2014,12,Medium,Drama
BoJack Horseman,English,"Drama, Comedy",7.9,2014-08-22,Ended,79.0,2014,12,Medium,Drama
Salem,English,"Drama, Thriller, Supernatural",6.9,2014-04-20,Ended,69.0,2014,12,Medium,Drama
TURN: Washington's Spies,English,"Drama, War",7.9,2014-04-06,Ended,79.0,2014,12,Medium,Drama
Intelligence,English,"Action, Science-Fiction",6.6,2014-01-07,Ended,66.0,2014,12,Medium,Action
Believe,English,"Drama, Action, Fantasy",7.3,2014-03-10,Ended,73.0,2014,12,Medium,Drama
Star-Crossed,English,"Drama, Romance, Science-Fiction",6.9,2014-02-17,Ended,69.0,2014,12,Medium,Drama
Crisis,English,"Drama, Action, Thriller",7.1,2014-03-16,Ended,71.0,2014,12,Medium,Drama
Halt and Catch Fire,English,Drama,8.1,2014-06-01,Ended,81.0,2014,12,High,Drama
Hello Ladies,English,Comedy,6.5,2013-09-29,Ended,65.0,2013,13,Medium,Comedy
Dads,English,Comedy,5.1,2013-09-17,Ended,51.0,2013,13,Low,Comedy
Hannibal,English,"Drama, Crime, Horror",8.2,2013-04-04,Ended,82.0,2013,13,High,Drama
Bates Motel,English,"Drama, Horror, Thriller",8.0,2013-03-18,Ended,80.0,2013,13,High,Drama
The Following,English,"Drama, Crime, Thriller",6.9,2013-01-21,Ended,69.0,2013,13,Medium,Drama
Da Vinci's Demons,English,"Drama, Horror",8.0,2013-04-12,Ended,80.0,2013,13,High,Drama
The Fosters,English,"Drama, Family, Romance",7.5,2013-06-03,Ended,75.0,2013,13,Medium,Drama
Mistresses,English,"Drama, Romance",7.6,2013-06-03,Ended,76.0,2013,13,Medium,Drama
The Tomorrow People,English,"Action, Science-Fiction",7.3,2013-10-09,Ended,73.0,2013,13,Medium,Action
Devious Maids,English,"Drama, Crime, Mystery",7.6,2013-06-23,Ended,76.0,2013,13,Medium,Drama
Almost Human,English,"Drama, Crime, Science-Fiction",7.7,2013-11-17,Ended,77.0,2013,13,Medium,Drama
The Carrie Diaries,English,"Drama, Comedy, Romance",6.5,2013-01-14,Ended,65.0,2013,13,Medium,Drama
Stargate SG·1,English,"Action, Adventure, Science-Fiction",8.8,1997-07-27,Ended,88.0,1997,29,High,Action
Graceland,English,"Drama, Action, Crime",7.3,2013-06-06,Ended,73.0,2013,13,Medium,Drama
Stargate Atlantis,English,"Action, Adventure, Science-Fiction",8.8,2004-07-16,Ended,88.0,2004,22,High,Action
Stargate Universe,English,"Action, Adventure, Science-Fiction",8.2,2009-10-02,Ended,82.0,2009,17,High,Action
The Chair,English,Unknown,7.6,2014-09-06,Ended,76.0,2014,12,Low,Unknown
Survivor's Remorse,English,"Drama, Comedy, Sports",6.6,2014-10-04,Ended,66.0,2014,12,Medium,Drama
Doctor Who,English,"Drama, Adventure, Science-Fiction",8.3,2005-03-26,Ended,83.0,2005,21,High,Drama
666 Park Avenue,English,"Drama, Mystery, Supernatural",6.6,2012-09-30,Ended,66.0,2012,14,Medium,Drama
Alcatraz,English,"Drama, Science-Fiction, Thriller",7.0,2012-01-16,Ended,70.0,2012,14,Medium,Drama
The Gates,English,"Drama, Crime, Supernatural",7.2,2010-06-20,Ended,72.0,2010,16,Medium,Drama
Kingdom,English,"Drama, Family, Sports",7.9,2014-10-08,Ended,79.0,2014,12,Medium,Drama
American Dad!,English,"Comedy, Family",7.4,2005-02-06,Running,74.0,2005,21,Medium,Comedy
Rick and Morty,English,"Comedy, Adventure, Science-Fiction",8.8,2013-12-02,Running,88.0,2013,13,High,Comedy
Hostages,English,"Drama, Thriller",6.4,2013-09-23,Ended,64.0,2013,13,Medium,Drama
Being Human,English,"Drama, Horror, Romance",7.5,2011-01-17,Ended,75.0,2011,15,Medium,Drama
Alphas,English,"Drama, Science-Fiction, Supernatural",7.5,2011-07-11,Ended,75.0,2011,15,Medium,Drama
Crossing Lines,English,"Drama, Action, Crime",7.6,2013-06-23,Ended,76.0,2013,13,Medium,Drama
Rectify,English,"Drama, Crime",8.0,2013-04-22,Ended,80.0,2013,13,High,Drama
Happyland,English,"Drama, Comedy",7.0,2014-09-30,Ended,70.0,2014,12,Medium,Drama
Twisted,English,"Drama, Thriller, Mystery",7.3,2013-03-19,Ended,73.0,2013,13,Medium,Drama
Ravenswood,English,"Drama, Horror",7.1,2013-10-22,Ended,71.0,2013,13,Medium,Drama
The Crazy Ones,English,Comedy,7.1,2013-09-26,Ended,71.0,2013,13,Medium,Comedy
Mob City,English,"Drama, Crime",7.3,2013-12-04,Ended,73.0,2013,13,Medium,Drama
Last Resort,English,"Drama, Action, War",7.3,2012-09-27,Ended,73.0,2012,14,Medium,Drama
The Neighbors,English,"Comedy, Science-Fiction",6.9,2012-09-26,Ended,69.0,2012,14,Medium,Comedy
Go On,English,Comedy,7.2,2012-08-08,Ended,72.0,2012,14,Medium,Comedy
Vegas,English,Drama,7.9,2012-09-25,Ended,79.0,2012,14,Medium,Drama
The River,English,"Drama, Horror, Supernatural",6.9,2012-02-07,Ended,69.0,2012,14,Medium,Drama
Awake,English,"Drama, Fantasy, Thriller",7.4,2012-03-01,Ended,74.0,2012,14,Medium,Drama
Missing,English,"Drama, Action, Thriller",7.0,2012-03-15,Ended,70.0,2012,14,Medium,Drama
The New Normal,English,Comedy,7.1,2012-09-10,Ended,71.0,2012,14,Medium,Comedy
GCB,English,"Drama, Comedy, Romance",7.2,2012-03-04,Ended,72.0,2012,14,Medium,Drama
Revolution,English,"Action, Adventure, Science-Fiction",7.6,2012-09-17,Ended,76.0,2012,14,Medium,Action
Dallas,English,"Drama, Family",6.5,2012-06-13,Ended,65.0,2012,14,Medium,Drama
Anger Management,English,Comedy,6.4,2012-06-28,Ended,64.0,2012,14,Medium,Comedy
Cops,English,"Action, Crime",7.1,1989-03-11,Running,71.0,1989,37,Medium,Action
Benched,English,"Comedy, Legal",7.2,2014-10-28,Ended,72.0,2014,12,Medium,Comedy
The Great Fire,English,Drama,7.0,2014-10-16,Ended,70.0,2014,12,Medium,Drama
Conan,English,Comedy,7.7,2010-11-08,Ended,77.0,2010,16,Medium,Comedy
Strange Empire,English,"Drama, Western",7.2,2014-10-06,Ended,72.0,2014,12,Medium,Drama
Town of the Living Dead,English,Unknown,7.6,2014-10-07,Ended,76.0,2014,12,Low,Unknown
Long Shadow,English,"War, History",7.6,2014-09-24,Ended,76.0,2014,12,Low,War
The Colbert Report,English,Comedy,7.2,2005-10-17,Ended,72.0,2005,21,Medium,Comedy
Transporter: The Series,English,"Action, Adventure, Crime",7.3,2013-01-04,Ended,73.0,2013,13,Medium,Action
The Daily Show with Jon Stewart,English,Comedy,8.0,1999-01-11,Ended,80.0,1999,27,High,Comedy
Kirby Buckets,English,Comedy,7.6,2014-10-20,Ended,76.0,2014,12,Low,Comedy
Downton Abbey,English,"Drama, Family, Romance",8.7,2010-09-26,Ended,87.0,2010,16,High,Drama
Girl Meets World,English,"Drama, Comedy, Family",7.7,2014-06-27,Ended,77.0,2014,12,Medium,Drama
Hell's Kitchen,English,Food,6.8,2005-05-30,To Be Determined,68.0,2005,21,Medium,Food
World Series of Poker,English,Sports,7.8,2006-08-22,Running,78.0,2006,20,Medium,Sports
Anthony Bourdain: Parts Unknown,English,"Food, Travel",7.7,2013-04-14,Ended,77.0,2013,13,Medium,Food
Comic Book Men,English,Comedy,7.4,2012-02-12,Ended,74.0,2012,14,Medium,Comedy
Key & Peele,English,Comedy,7.5,2012-01-31,Ended,75.0,2012,14,Medium,Comedy
Glue,English,Drama,7.7,2014-09-15,Ended,77.0,2014,12,Medium,Drama
Southern Justice,English,Crime,7.6,2014-04-15,Ended,76.0,2014,12,Low,Crime
Tosh.0,English,Comedy,6.2,2009-06-04,Ended,62.0,2009,17,Medium,Comedy
The Soup,English,Comedy,4.5,2004-07-30,Ended,45.0,2004,22,Low,Comedy
The Driver,English,"Drama, Crime",6.9,2014-09-23,Ended,69.0,2014,12,Medium,Drama
Last Week Tonight with John Oliver,English,Comedy,7.9,2014-04-27,Running,79.0,2014,12,Medium,Comedy
The Late Show with David Letterman,English,Comedy,7.4,1993-08-30,Ended,74.0,1993,33,Medium,Comedy
Mount Pleasant,English,"Drama, Comedy",7.6,2011-08-24,Ended,76.0,2011,15,Low,Drama
Lovesick,English,"Comedy, Romance",7.3,2014-10-02,Ended,73.0,2014,12,Medium,Comedy
Package Deal,English,Comedy,6.2,2013-06-18,Ended,62.0,2013,13,Medium,Comedy
Peaky Blinders,English,"Drama, Crime, History",8.5,2013-09-12,Ended,85.0,2013,13,High,Drama
The League,English,"Comedy, Sports",7.6,2009-10-29,Ended,76.0,2009,17,Medium,Comedy
Saving Hope,English,"Drama, Fantasy, Medical",7.8,2012-06-07,Ended,78.0,2012,14,Medium,Drama
Talking Dead,English,Unknown,6.2,2011-10-17,To Be Determined,62.0,2011,15,Medium,Unknown
Black Dynamite,English,"Comedy, Action",8.0,2012-07-15,Ended,80.0,2012,14,High,Comedy
Bad Education,English,Comedy,6.5,2012-08-14,To Be Determined,65.0,2012,14,Medium,Comedy
Ali G: Rezurection,English,Comedy,6.0,2014-02-26,Ended,60.0,2014,12,Medium,Comedy
New Tricks,English,"Drama, Comedy, Crime",7.8,2004-04-01,Ended,78.0,2004,22,Medium,Drama
Brickleberry,English,Comedy,7.7,2012-09-25,Ended,77.0,2012,14,Medium,Comedy
Face Off,English,Unknown,8.0,2011-01-26,Ended,80.0,2011,15,High,Unknown
Real Time with Bill Maher,English,Unknown,5.3,2003-02-21,Running,53.0,2003,23,Low,Unknown
Franklin & Bash,English,"Drama, Comedy, Legal",7.0,2011-06-01,Ended,70.0,2011,15,Medium,Drama
Mock the Week,English,Comedy,7.5,2005-06-05,Ended,75.0,2005,21,Medium,Comedy
Awkward.,English,"Drama, Comedy, Romance",7.3,2011-07-19,Ended,73.0,2011,15,Medium,Drama
Faking It,English,"Comedy, Romance",7.5,2014-04-22,Ended,75.0,2014,12,Medium,Comedy
Mr. Selfridge,English,Drama,7.6,2013-01-06,Ended,76.0,2013,13,Medium,Drama
"Signed, Sealed, Delivered",English,"Romance, Mystery",7.8,2013-10-12,To Be Determined,78.0,2013,13,Medium,Romance
Happy Valley,English,"Drama, Crime",8.0,2014-04-29,Ended,80.0,2014,12,High,Drama
Kroll Show,English,Comedy,7.6,2013-01-16,Ended,76.0,2013,13,Low,Comedy
American Idol,English,Music,5.1,2002-06-11,Running,51.0,2002,24,Low,Music
America's Got Talent,English,Music,5.7,2006-06-21,Running,57.0,2006,20,Low,Music
Adventure Time,English,"Comedy, Adventure, Fantasy",7.8,2008-12-07,Ended,78.0,2008,18,Medium,Comedy
Motive,English,"Drama, Crime, Mystery",7.8,2013-02-03,Ended,78.0,2013,13,Medium,Drama
The NEW Celebrity Apprentice,English,Unknown,4.5,2008-01-03,Ended,45.0,2008,18,Low,Unknown
Newswipe,English,Comedy,7.6,2009-03-25,Ended,76.0,2009,17,Low,Comedy
The Night Shift,English,"Drama, Action, Medical",8.0,2014-05-27,Ended,80.0,2014,12,High,Drama
Top Chef,English,Food,7.4,2006-03-08,Running,74.0,2006,20,Medium,Food
Top Gear,English,Unknown,5.3,2010-11-21,Ended,53.0,2010,16,Low,Unknown
Undateable,English,"Comedy, Romance",7.8,2014-05-29,Ended,78.0,2014,12,Medium,Comedy
Chasing Life,English,"Drama, Romance, Medical",7.8,2014-06-10,Ended,78.0,2014,12,Medium,Drama
Power,English,"Drama, Crime",7.9,2014-06-07,Ended,79.0,2014,12,Medium,Drama
Murder in the First,English,"Drama, Crime, Mystery",7.8,2014-06-09,Ended,78.0,2014,12,Medium,Drama
Hart of Dixie,English,"Drama, Comedy, Romance",7.8,2011-09-26,Ended,78.0,2011,15,Medium,Drama
Trailer Park Boys,English,"Comedy, Crime",7.6,2001-04-22,Running,76.0,2001,25,Medium,Comedy
Deadbeat,English,"Comedy, Supernatural",6.7,2014-04-09,Ended,67.0,2014,12,Medium,Comedy
The Venture Bros.,English,"Comedy, Adventure",8.2,2003-02-16,Ended,82.0,2003,23,High,Comedy
Black Mirror,English,"Drama, Science-Fiction, Thriller",8.4,2011-12-04,Running,84.0,2011,15,High,Drama
Broadchurch,English,"Drama, Crime, Mystery",8.4,2013-03-04,Ended,84.0,2013,13,High,Drama
Bluestone 42,English,"Drama, Comedy, War",7.1,2013-03-05,Ended,71.0,2013,13,Medium,Drama
Matador,English,"Drama, Action",6.9,2014-07-15,Ended,69.0,2014,12,Medium,Drama
Rogue,English,"Action, Crime",7.6,2013-04-03,Ended,76.0,2013,13,Medium,Action
Married,English,"Drama, Comedy, Romance",5.1,2014-07-17,Ended,51.0,2014,12,Low,Drama
Satisfaction,English,"Drama, Comedy, Romance",7.6,2014-07-17,Ended,76.0,2014,12,Medium,Drama
You're the Worst,English,"Drama, Comedy, Romance",7.7,2014-07-17,Ended,77.0,2014,12,Medium,Drama
Plebs,English,Comedy,7.3,2013-03-25,Ended,73.0,2013,13,Medium,Comedy
VICE,English,"Drama, Crime",7.6,2013-04-05,Ended,76.0,2013,13,Medium,Drama
Archer,English,"Comedy, Action, Espionage",8.3,2009-09-17,Ended,83.0,2009,17,High,Comedy
The Missing,English,"Drama, Crime, Thriller",8.0,2014-10-28,Ended,80.0,2014,12,High,Drama
Vicious,English,Comedy,8.0,2013-04-29,Ended,80.0,2013,13,High,Comedy
Community,English,Comedy,8.3,2009-09-17,Ended,83.0,2009,17,High,Comedy
Cougar Town,English,Comedy,7.4,2009-09-23,Ended,74.0,2009,17,Medium,Comedy
The Fall,English,"Drama, Crime, Thriller",8.0,2013-05-13,Ended,80.0,2013,13,High,Drama
Arrested Development,English,"Comedy, Family",8.2,2003-11-02,Ended,82.0,2003,23,High,Comedy
Hit the Floor,English,"Drama, Romance, Sports",7.2,2013-05-27,Ended,72.0,2013,13,Medium,Drama
White Collar,English,"Drama, Comedy, Crime",8.2,2009-10-23,Ended,82.0,2009,17,High,Drama
MasterChef,English,Food,6.8,2010-07-27,Running,68.0,2010,16,Medium,Food
Being Mary Jane,English,"Drama, Family",7.8,2013-07-02,Ended,78.0,2013,13,Medium,Drama
Undercover Boss,English,Unknown,6.1,2010-02-07,Ended,61.0,2010,16,Medium,Unknown
Inside Amy Schumer,English,Comedy,5.6,2013-04-30,Ended,56.0,2013,13,Low,Comedy
Midsomer Murders,English,"Drama, Crime, Mystery",7.9,1998-03-22,Running,79.0,1998,28,Medium,Drama
Shark Tank,English,Unknown,6.7,2009-08-09,Running,67.0,2009,17,Medium,Unknown
On the Menu,English,Food,7.6,2014-10-03,Ended,76.0,2014,12,Low,Food
Deal With It,English,Unknown,7.6,2013-07-17,Ended,76.0,2013,13,Low,Unknown
Alpha House,English,"Drama, Comedy",7.1,2013-04-19,Ended,71.0,2013,13,Medium,Drama
The Game,English,"Drama, Comedy, Sports",7.6,2006-10-01,Ended,76.0,2006,20,Low,Drama
Drunk History,English,"Comedy, History",6.2,2013-07-09,Ended,62.0,2013,13,Medium,Comedy
Sherlock,English,"Drama, Crime, Mystery",8.9,2010-07-25,Ended,89.0,2010,16,High,Drama
Marvel's Agent Carter,English,"Action, Adventure, Science-Fiction",8.0,2015-01-06,Ended,80.0,2015,11,High,Action
Ramsay's Costa Del Nightmares,English,Food,6.7,2014-09-23,Ended,67.0,2014,12,Medium,Food
Secrets and Lies,English,"Drama, Crime, Thriller",7.4,2015-03-01,Ended,74.0,2015,11,Medium,Drama
American Crime,English,"Drama, Crime",7.8,2015-03-05,Ended,78.0,2015,11,Medium,Drama
The Librarians,English,"Action, Adventure, Supernatural",7.2,2014-12-07,Ended,72.0,2014,12,Medium,Action
Aquarius,English,"Drama, Crime",7.0,2015-05-28,Ended,70.0,2015,11,Medium,Drama
Louie,English,"Drama, Comedy",7.9,2010-06-29,Ended,79.0,2010,16,Medium,Drama
Atlantis,English,"Drama, Adventure, Fantasy",7.0,2013-09-28,Ended,70.0,2013,13,Medium,Drama
Rizzoli & Isles,English,"Drama, Crime",8.0,2010-07-12,Ended,80.0,2010,16,High,Drama
Covert Affairs,English,"Drama, Action, Crime",7.2,2010-07-13,Ended,72.0,2010,16,Medium,Drama
Hot in Cleveland,English,Comedy,7.8,2010-06-16,Ended,78.0,2010,16,Medium,Comedy
It's Always Sunny in Philadelphia,English,Comedy,8.1,2005-08-04,Running,81.0,2005,21,High,Comedy
Melissa & Joey,English,"Comedy, Family",7.6,2010-08-17,Ended,76.0,2010,16,Medium,Comedy
The Wrong Mans,English,"Comedy, Crime, Thriller",7.7,2013-09-24,Ended,77.0,2013,13,Medium,Comedy
Last Comic Standing,English,Comedy,7.6,2003-06-10,Ended,76.0,2003,23,Low,Comedy
Baby Daddy,English,"Comedy, Family",7.8,2012-06-20,Ended,78.0,2012,14,Medium,Comedy
The Exes,English,Comedy,7.2,2011-11-30,Ended,72.0,2011,15,Medium,Comedy
Line of Duty,English,"Drama, Crime, Thriller",8.6,2012-06-26,Running,86.0,2012,14,High,Drama
Ground Floor,English,Comedy,7.5,2013-11-14,Ended,75.0,2013,13,Medium,Comedy
Mike & Molly,English,"Comedy, Family",7.4,2010-09-20,Ended,74.0,2010,16,Medium,Comedy
Man Down,English,Comedy,8.0,2013-10-18,Ended,80.0,2013,13,High,Comedy
Perception,English,"Drama, Crime",7.8,2012-07-09,Ended,78.0,2012,14,Medium,Drama
Spartacus: Gods of the Arena,English,"Drama, Action, History",8.4,2011-01-21,Ended,84.0,2011,15,High,Drama
TripTank,English,Comedy,6.4,2014-04-02,Ended,64.0,2014,12,Medium,Comedy
Ripper Street,English,"Drama, Crime, Mystery",8.1,2012-12-30,Ended,81.0,2012,14,High,Drama
Saturday Night Live,English,"Comedy, Music",6.0,1975-10-11,Running,60.0,1975,51,Medium,Comedy
Switched at Birth,English,"Drama, Family",7.7,2011-06-06,Ended,77.0,2011,15,Medium,Drama
Late Night with Seth Meyers,English,Comedy,4.4,2014-02-24,Running,44.0,2014,12,Low,Comedy
Single Ladies,English,"Drama, Romance",7.6,2011-05-30,Ended,76.0,2011,15,Low,Drama
The After,English,"Drama, Science-Fiction, Mystery",7.7,2014-02-06,Ended,77.0,2014,12,Medium,Drama
Sirens,English,Comedy,7.7,2014-03-06,Ended,77.0,2014,12,Medium,Comedy
Six Feet Under,English,"Drama, Comedy",8.1,2001-06-03,Ended,81.0,2001,25,High,Drama
Red Dwarf,English,"Comedy, Science-Fiction",7.9,1988-02-15,Ended,79.0,1988,38,Medium,Comedy
Wizards vs Aliens,English,"Fantasy, Science-Fiction",7.5,2012-10-29,Ended,75.0,2012,14,Medium,Fantasy
Workaholics,English,Comedy,7.3,2011-04-06,Ended,73.0,2011,15,Medium,Comedy
The Red Road,English,"Drama, Crime, Family",7.4,2014-02-27,Ended,74.0,2014,12,Medium,Drama
See Dad Run,English,Comedy,5.8,2012-10-06,Ended,58.0,2012,14,Low,Comedy
Moone Boy,English,Comedy,7.4,2012-09-14,Ended,74.0,2012,14,Medium,Comedy
Inside No. 9,English,"Comedy, Thriller, Supernatural",8.0,2014-02-05,Ended,80.0,2014,12,High,Comedy
Broad City,English,Comedy,8.0,2014-01-22,Ended,80.0,2014,12,High,Comedy
Portlandia,English,Comedy,6.9,2011-01-21,Ended,69.0,2011,15,Medium,Comedy
The Musketeers,English,"Drama, Action, Adventure",8.0,2014-01-19,Ended,80.0,2014,12,High,Drama
Citizen Khan,English,"Comedy, Family",6.7,2012-08-27,Ended,67.0,2012,14,Medium,Comedy
Mythbusters,English,"Adventure, Nature, DIY",8.0,2003-01-23,Ended,80.0,2003,23,High,Adventure
Birds of a Feather,English,Comedy,7.3,1989-10-16,Ended,73.0,1989,37,Medium,Comedy
Aqua Teen Hunger Force,English,"Comedy, Action, Adventure",7.6,2000-12-30,Ended,76.0,2000,26,Medium,Comedy
Peep Show,English,Comedy,8.0,2003-09-19,Ended,80.0,2003,23,High,Comedy
Major Crimes,English,"Drama, Action, Crime",8.0,2012-08-13,Ended,80.0,2012,14,High,Drama
Mad Men,English,Drama,8.1,2007-07-19,Ended,81.0,2007,19,High,Drama
Yonderland,English,"Comedy, Fantasy",7.8,2013-11-10,Ended,78.0,2013,13,Medium,Comedy
Rookie Blue,English,"Drama, Action, Crime",7.5,2010-06-24,Ended,75.0,2010,16,Medium,Drama
The Late Late Show with Craig Ferguson,English,Comedy,6.9,2005-01-03,Ended,69.0,2005,21,Medium,Comedy
Last Call with Carson Daly,English,Unknown,7.6,2002-01-08,Ended,76.0,2002,24,Low,Unknown
Life Is Toff,English,Unknown,7.6,2014-10-28,Ended,76.0,2014,12,Low,Unknown
Hunted,English,"Drama, Action, Thriller",8.0,2012-10-04,Ended,80.0,2012,14,High,Drama
Video Game High School,English,"Comedy, Action, Science-Fiction",7.5,2012-05-11,Ended,75.0,2012,14,Medium,Comedy
Call the Midwife,English,"Drama, Medical",8.0,2012-01-15,Running,80.0,2012,14,High,Drama
Longmire,English,"Drama, Thriller, Western",8.3,2012-06-03,Ended,83.0,2012,14,High,Drama
Gravity Falls,English,"Adventure, Mystery, Supernatural",8.9,2012-06-15,Ended,89.0,2012,14,High,Adventure
Don't Trust the B---- in Apartment 23,English,Comedy,7.5,2012-04-11,Ended,75.0,2012,14,Medium,Comedy
Duck Dynasty,English,"Comedy, Adventure",5.8,2012-03-21,Ended,58.0,2012,14,Low,Comedy
The Client List,English,"Drama, Romance",6.5,2012-04-08,Ended,65.0,2012,14,Medium,Drama
Copper,English,"Drama, Crime",7.7,2012-08-19,Ended,77.0,2012,14,Medium,Drama
Smash,English,Drama,7.9,2012-02-06,Ended,79.0,2012,14,Medium,Drama
A Young Doctor's Notebook,English,"Drama, Comedy",7.5,2012-12-06,Ended,75.0,2012,14,Medium,Drama
Touch,English,"Drama, Science-Fiction, Mystery",7.5,2012-01-25,Ended,75.0,2012,14,Medium,Drama
Magic City,English,"Drama, Crime, Mystery",7.9,2012-03-30,Ended,79.0,2012,14,Medium,Drama
Derek,English,"Drama, Comedy",8.0,2012-04-12,Ended,80.0,2012,14,High,Drama
Men at Work,English,"Drama, Comedy",6.9,2012-05-24,Ended,69.0,2012,14,Medium,Drama
Mortal Kombat: Legacy,English,"Action, Adventure, Fantasy",7.3,2011-04-12,Ended,73.0,2011,15,Medium,Action
Jane by Design,English,"Drama, Comedy",7.8,2012-01-03,Ended,78.0,2012,14,Medium,Drama
Invader ZIM,English,Children,7.8,2001-03-30,Ended,78.0,2001,25,Medium,Children
The Cape,English,"Drama, Crime, Supernatural",6.5,2011-01-09,Ended,65.0,2011,15,Medium,Drama
Fairly Legal,English,Drama,7.8,2011-01-20,Ended,78.0,2011,15,Medium,Drama
Whitney,English,"Comedy, Romance",7.2,2011-09-22,Ended,72.0,2011,15,Medium,Comedy
Duckman: Private Dick/Family Man,English,"Comedy, Crime",7.4,1994-03-05,Ended,74.0,1994,32,Medium,Comedy
Olive Kitteridge,English,Drama,8.0,2014-11-02,Ended,80.0,2014,12,High,Drama
Are You the One?,English,Romance,5.5,2014-01-21,Ended,55.0,2014,12,Low,Romance
MasterChef Junior,English,"Children, Food",6.9,2013-09-27,Ended,69.0,2013,13,Medium,Children
Chrisley Knows Best,English,"Comedy, Family",5.4,2014-03-11,Ended,54.0,2014,12,Low,Comedy
Snooki & JWoww,English,Unknown,5.3,2012-06-21,Ended,53.0,2012,14,Low,Unknown
Slednecks,English,Unknown,7.6,2014-10-30,Ended,76.0,2014,12,Low,Unknown
Rugrats,English,"Comedy, Children",7.2,1991-08-11,Ended,72.0,1991,35,Medium,Comedy
A Gifted Man,English,"Drama, Fantasy, Medical",7.7,2011-09-23,Ended,77.0,2011,15,Medium,Drama
Life's Too Short,English,Comedy,7.3,2011-11-10,Ended,73.0,2011,15,Medium,Comedy
Kourtney & Khloe Take the Hamptons,English,Unknown,7.6,2014-11-02,Ended,76.0,2014,12,Low,Unknown
The Passing Bells,English,"Drama, War, History",7.0,2014-11-03,Ended,70.0,2014,12,Medium,Drama
The People Remember,English,History,7.6,2014-11-03,Ended,76.0,2014,12,Low,History
Buffy the Vampire Slayer,English,"Drama, Action, Supernatural",8.4,1997-03-10,Ended,84.0,1997,29,High,Drama
Angel,English,"Drama, Action, Supernatural",8.0,1999-10-05,Ended,80.0,1999,27,High,Drama
Farscape,English,"Action, Adventure, Science-Fiction",8.6,1999-03-19,Ended,86.0,1999,27,High,Action
The X-Files,English,"Drama, Crime, Science-Fiction",8.6,1993-09-10,Ended,86.0,1993,33,High,Drama
Friends,English,"Comedy, Romance",8.5,1994-09-22,Ended,85.0,1994,32,High,Comedy
Dollhouse,English,"Action, Science-Fiction",7.7,2009-02-13,Ended,77.0,2009,17,Medium,Action
Caprica,English,"Drama, Science-Fiction",7.5,2010-01-22,Ended,75.0,2010,16,Medium,Drama
Warehouse 13,English,"Drama, Science-Fiction, Mystery",8.4,2009-07-07,Ended,84.0,2009,17,High,Drama
Smallville,English,"Drama, Adventure, Science-Fiction",8.1,2001-10-16,Ended,81.0,2001,25,High,Drama
Dead Like Me,English,"Drama, Comedy, Supernatural",8.1,2003-06-27,Ended,81.0,2003,23,High,Drama
Xena: Warrior Princess,English,"Action, Adventure, Fantasy",7.7,1995-09-04,Ended,77.0,1995,31,Medium,Action
The Adventures of Sinbad,English,"Action, Adventure",6.0,1996-09-28,Ended,60.0,1996,30,Medium,Action
Wolverine and the X-Men,English,"Action, Adventure, Science-Fiction",7.7,2008-09-08,Ended,77.0,2008,18,Medium,Action
Everwood,English,"Drama, Family, Romance",8.0,2002-09-16,Ended,80.0,2002,24,High,Drama
Once a Thief,English,"Comedy, Action, Thriller",7.5,1997-09-15,Ended,75.0,1997,29,Medium,Comedy
XIII: The Series,English,"Action, Adventure",7.8,2011-04-20,Ended,78.0,2011,15,Medium,Action
Metal Hurlant Chronicles,English,"Action, Adventure, Science-Fiction",6.4,2012-10-27,Ended,64.0,2012,14,Medium,Action
Defying Gravity,English,"Drama, Science-Fiction, Thriller",7.8,2009-08-02,Ended,78.0,2009,17,Medium,Drama
Charlie's Angels,English,"Action, Crime",7.7,2011-09-22,Ended,77.0,2011,15,Medium,Action
The Universe,English,"Adventure, Family, Science-Fiction",7.8,2007-05-29,Ended,78.0,2007,19,Medium,Adventure
True Justice,English,"Drama, Action, Crime",6.3,2012-03-30,Ended,63.0,2012,14,Medium,Drama
Wolf Lake,English,"Drama, Crime, Supernatural",7.8,2001-09-19,Ended,78.0,2001,25,Medium,Drama
Knight Rider,English,"Action, Adventure, Science-Fiction",6.8,2008-02-17,Ended,68.0,2008,18,Medium,Action
The Deep,English,Drama,7.5,2010-08-03,Ended,75.0,2010,16,Medium,Drama
Tales from the Crypt,English,"Comedy, Fantasy, Horror",8.0,1989-06-10,Ended,80.0,1989,37,High,Comedy
Pacific Blue,English,"Drama, Action, Crime",6.5,1996-03-02,Ended,65.0,1996,30,Medium,Drama
Blade: The Series,English,"Action, Supernatural",6.8,2006-06-28,Ended,68.0,2006,20,Medium,Action
Moonlight,English,"Drama, Horror, Romance",7.9,2007-09-28,Ended,79.0,2007,19,Medium,Drama
The Event,English,"Drama, Action, Science-Fiction",7.3,2010-09-20,Ended,73.0,2010,16,Medium,Drama
FlashForward,English,"Drama, Crime, Science-Fiction",7.8,2009-09-24,Ended,78.0,2009,17,Medium,Drama
Harper's Island,English,"Horror, Thriller, Mystery",7.7,2009-04-09,Ended,77.0,2009,17,Medium,Horror
Adventure Inc.,English,"Action, Adventure",7.3,2002-09-30,Ended,73.0,2002,24,Medium,Action
Legend of the Seeker,English,"Action, Adventure, Fantasy",7.9,2008-11-01,Ended,79.0,2008,18,Medium,Action
TekWar,English,"Action, Science-Fiction",7.4,1994-12-22,Ended,74.0,1994,32,Medium,Action
Dark Skies,English,"Drama, Science-Fiction",7.8,1996-09-21,Ended,78.0,1996,30,Medium,Drama
The Pacific,English,"Drama, Action, War",8.3,2010-03-14,Ended,83.0,2010,16,High,Drama
Band of Brothers,English,"Drama, Action, War",9.0,2001-09-09,Ended,90.0,2001,25,High,Drama
Columbo,English,"Drama, Crime, Mystery",8.0,1968-02-20,Ended,80.0,1968,58,High,Drama
Blood Ties,English,"Fantasy, Horror, Mystery",7.9,2007-03-11,Ended,79.0,2007,19,Medium,Fantasy
"Walker, Texas Ranger",English,"Drama, Action, Crime",6.8,1993-04-21,Ended,68.0,1993,33,Medium,Drama
ReGenesis,English,"Drama, Science-Fiction, Mystery",7.8,2004-10-24,Ended,78.0,2004,22,Medium,Drama
The Prisoner,English,"Drama, Science-Fiction, Mystery",8.0,1967-10-01,Ended,80.0,1967,59,High,Drama
X-Men,English,"Children, Science-Fiction",8.0,1992-10-31,Ended,80.0,1992,34,High,Children
Veronica Mars,English,"Drama, Crime, Mystery",8.5,2004-09-22,Ended,85.0,2004,22,High,Drama
Babylon 5,English,"Drama, Action, Science-Fiction",8.4,1993-02-22,Ended,84.0,1993,33,High,Drama
Dead Set,English,"Comedy, Fantasy, Horror",7.3,2008-10-27,Ended,73.0,2008,18,Medium,Comedy
Son of the Beach,English,Comedy,7.6,2000-03-14,Ended,76.0,2000,26,Low,Comedy
Terminator: The Sarah Connor Chronicles,English,"Drama, Action, Science-Fiction",8.2,2008-01-13,Ended,82.0,2008,18,High,Drama
Witchblade,English,"Action, Crime, Supernatural",7.7,2000-08-27,Ended,77.0,2000,26,Medium,Action
Birds of Prey,English,"Action, Adventure, Science-Fiction",7.7,2002-10-09,Ended,77.0,2002,24,Medium,Action
The Batman,English,"Action, Adventure, Science-Fiction",7.7,2004-09-11,Ended,77.0,2004,22,Medium,Action
Masters of Horror,English,Horror,7.5,2005-10-28,Ended,75.0,2005,21,Medium,Horror
The 4400,English,"Drama, Science-Fiction, Mystery",7.7,2004-07-11,Ended,77.0,2004,22,Medium,Drama
Painkiller Jane,English,"Action, Adventure, Science-Fiction",7.2,2007-04-13,Ended,72.0,2007,19,Medium,Action
Day Break,English,"Drama, Science-Fiction, Thriller",7.8,2006-11-15,Ended,78.0,2006,20,Medium,Drama
Andromeda,English,"Action, Science-Fiction",7.7,2000-10-02,Ended,77.0,2000,26,Medium,Action
Harsh Realm,English,"Drama, Action, Science-Fiction",7.0,1999-10-08,Ended,70.0,1999,27,Medium,Drama
Naruto: Shippūden,Japanese,"Action, Adventure, Anime, Fantasy",8.5,2007-02-15,Ended,85.0,2007,19,High,Action
Sonic Boom,English,"Comedy, Action, Children",4.6,2014-11-08,Ended,46.0,2014,12,Low,Comedy
Star Trek,English,"Action, Adventure, Science-Fiction",8.4,1966-09-08,Ended,84.0,1966,60,High,Action
Star Trek: The Next Generation,English,"Action, Adventure, Science-Fiction",8.7,1987-09-28,Ended,87.0,1987,39,High,Action
Star Trek: Voyager,English,"Action, Adventure, Science-Fiction",8.3,1995-01-16,Ended,83.0,1995,31,High,Action
Star Trek: Deep Space Nine,English,"Action, Adventure, Science-Fiction",8.4,1993-01-03,Ended,84.0,1993,33,High,Action
V,English,"Drama, Adventure, Science-Fiction",7.4,2009-11-03,Ended,74.0,2009,17,Medium,Drama
Naruto,Japanese,"Action, Adventure, Anime, Fantasy",8.1,2002-10-03,Ended,81.0,2002,24,High,Action
100 Things to Do Before High School,English,"Comedy, Children",6.5,2014-11-11,Ended,65.0,2014,12,Medium,Comedy
Strip the Cosmos,English,"Mystery, Nature, History",7.2,2014-11-12,Ended,72.0,2014,12,Medium,Mystery
Dogs of War,English,War,7.6,2014-11-11,Ended,76.0,2014,12,Low,War
Married... with Children,English,"Comedy, Family, Adult",8.1,1987-04-05,Ended,81.0,1987,39,High,Comedy
Mutant X,English,"Action, Adventure, Science-Fiction",6.9,2001-10-06,Ended,69.0,2001,25,Medium,Action
Northern Exposure,English,"Drama, Comedy",8.2,1990-07-12,Ended,82.0,1990,36,High,Drama
The Lost World,English,"Action, Adventure, Science-Fiction",7.9,1999-04-03,Ended,79.0,1999,27,Medium,Action
The Lost Room,English,"Drama, Science-Fiction, Thriller",8.0,2006-12-11,Ended,80.0,2006,20,High,Drama
Batman Beyond,English,"Action, Adventure, Science-Fiction",8.0,1999-01-10,Ended,80.0,1999,27,High,Action
Justice League Unlimited,English,"Action, Adventure, Science-Fiction",7.9,2004-07-31,Ended,79.0,2004,22,Medium,Action
Charmed,English,"Drama, Romance, Supernatural",8.1,1998-10-07,Ended,81.0,1998,28,High,Drama
Angels in America,English,"Drama, Fantasy",7.9,2003-12-07,Ended,79.0,2003,23,Medium,Drama
The Grid,English,"Drama, Thriller",7.9,2004-07-19,Ended,79.0,2004,22,Medium,Drama
Mr. Sunshine,English,"Comedy, Sports",6.9,2011-02-09,Ended,69.0,2011,15,Medium,Comedy
Breaking In,English,"Comedy, Action, Crime",7.4,2011-04-06,Ended,74.0,2011,15,Medium,Comedy
The Chicago Code,English,Drama,7.7,2011-02-07,Ended,77.0,2011,15,Medium,Drama
Up All Night,English,Comedy,6.5,2011-09-14,Ended,65.0,2011,15,Medium,Comedy
The Nine Lives of Chloe King,English,"Drama, Action, Supernatural",6.8,2011-06-14,Ended,68.0,2011,15,Medium,Drama
Jessie,English,Comedy,7.3,2011-09-30,Ended,73.0,2011,15,Medium,Comedy
The Borgias,English,"Drama, Romance, History",7.8,2011-04-03,Ended,78.0,2011,15,Medium,Drama
Terra Nova,English,"Action, Adventure, Science-Fiction",7.5,2011-09-26,Ended,75.0,2011,15,Medium,Action
Psych,English,"Drama, Comedy, Crime",8.0,2006-07-07,Ended,80.0,2006,20,High,Drama
Bad Girls Club,English,Unknown,7.6,2006-12-05,Ended,76.0,2006,20,Low,Unknown
Preachers of L.A.,English,Unknown,7.6,2013-10-09,Ended,76.0,2013,13,Low,Unknown
Lie to Me,English,"Drama, Crime, Mystery",8.0,2009-01-21,Ended,80.0,2009,17,High,Drama
The Real Housewives of New Jersey,English,Unknown,5.6,2009-05-12,Running,56.0,2009,17,Low,Unknown
The West Wing,English,Drama,8.6,1999-09-22,Ended,86.0,1999,27,High,Drama
Moonshiners,English,Unknown,6.1,2011-12-06,Running,61.0,2011,15,Medium,Unknown
Gilmore Girls,English,"Drama, Comedy, Romance",8.0,2000-10-05,Ended,80.0,2000,26,High,Drama
The Office,English,Comedy,8.5,2005-03-24,Ended,85.0,2005,21,High,Comedy
The Sopranos,English,"Drama, Crime",8.8,1999-01-10,Ended,88.0,1999,27,High,Drama
Cupcake Wars,English,Food,7.6,2010-06-13,Ended,76.0,2010,16,Low,Food
Seinfeld,English,Comedy,8.3,1989-07-05,Ended,83.0,1989,37,High,Comedy
Breaking Amish,English,Unknown,7.6,2012-09-09,Ended,76.0,2012,14,Low,Unknown
Scrubs,English,"Drama, Comedy, Medical",8.4,2001-10-02,Ended,84.0,2001,25,High,Drama
Instant Mom,English,"Comedy, Family",7.0,2013-09-29,Ended,70.0,2013,13,Medium,Comedy
Pawn Stars,English,Unknown,6.8,2009-07-19,Running,68.0,2009,17,Medium,Unknown
Anthony Bourdain: No Reservations,English,"Food, Travel",7.8,2005-07-25,Ended,78.0,2005,21,Medium,Food
Whose Line Is It Anyway?,English,"Comedy, Family",7.7,1998-08-05,Ended,77.0,1998,28,Medium,Comedy
30 Rock,English,Comedy,8.0,2006-10-11,Ended,80.0,2006,20,High,Comedy
Futurama,English,"Comedy, Adventure, Science-Fiction",8.6,1999-03-28,Running,86.0,1999,27,High,Comedy
The IT Crowd,English,Comedy,8.7,2006-02-03,Ended,87.0,2006,20,High,Comedy
Frasier,English,Comedy,8.0,1993-09-16,Ended,80.0,1993,33,High,Comedy
Prison Break,English,"Drama, Crime, Thriller",8.2,2005-08-29,Ended,82.0,2005,21,High,Drama
Eureka,English,"Drama, Comedy, Science-Fiction",8.5,2006-07-18,Ended,85.0,2006,20,High,Drama
Monk,English,"Drama, Crime, Mystery",8.0,2002-07-12,Ended,80.0,2002,24,High,Drama
Home Improvement,English,"Comedy, Family",7.2,1991-09-17,Ended,72.0,1991,35,Medium,Comedy
Halo: Nightfall,English,"Action, Adventure, Science-Fiction",6.2,2014-11-11,Ended,62.0,2014,12,Medium,Action
Babylon,English,"Drama, Comedy, Crime",7.9,2014-02-09,Ended,79.0,2014,12,Medium,Drama
ER,English,"Drama, Medical",7.9,1994-09-19,Ended,79.0,1994,32,Medium,Drama
Skins,English,"Drama, Comedy",7.9,2007-01-25,Ended,79.0,2007,19,Medium,Drama
Will & Grace,English,Comedy,7.3,1998-09-21,Ended,73.0,1998,28,Medium,Comedy
Desperate Housewives,English,"Drama, Mystery",7.5,2004-10-03,Ended,75.0,2004,22,Medium,Drama
Curb Your Enthusiasm,English,Comedy,7.9,2000-10-15,Ended,79.0,2000,26,Medium,Comedy
The King of Queens,English,"Comedy, Family",7.1,1998-09-21,Ended,71.0,1998,28,Medium,Comedy
Cheers,English,Comedy,8.0,1982-09-30,Ended,80.0,1982,44,High,Comedy
Dark Angel,English,"Action, Science-Fiction",8.0,2000-10-03,Ended,80.0,2000,26,High,Action
Avatar: The Last Airbender,English,"Action, Adventure, Fantasy",9.0,2005-02-21,Ended,90.0,2005,21,High,Action
Wilfred,English,"Drama, Comedy, Mystery",7.6,2011-06-23,Ended,76.0,2011,15,Medium,Drama
Alias,English,"Drama, Action, Espionage",8.0,2001-09-30,Ended,80.0,2001,25,High,Drama
Persons Unknown,English,"Drama, Thriller, Mystery",7.2,2010-06-07,Ended,72.0,2010,16,Medium,Drama
Entourage,English,"Drama, Comedy",7.7,2004-07-18,Ended,77.0,2004,22,Medium,Drama
One Tree Hill,English,Drama,7.8,2003-09-23,Ended,78.0,2003,23,Medium,Drama
La Femme Nikita,English,"Drama, Action, Thriller",7.7,1997-01-13,Ended,77.0,1997,29,Medium,Drama
Law & Order,English,"Drama, Crime, Legal",7.4,1990-09-13,Running,74.0,1990,36,Medium,Drama
Star Wars: The Clone Wars,English,"Action, Adventure, Science-Fiction",8.4,2008-10-03,Ended,84.0,2008,18,High,Action
Nip/Tuck,English,"Drama, Medical",7.8,2003-07-22,Ended,78.0,2003,23,Medium,Drama
Deadwood,English,"Drama, Crime, Western",8.7,2004-03-21,Ended,87.0,2004,22,High,Drama
Ghost Whisperer,English,"Drama, Fantasy",7.7,2005-09-23,Ended,77.0,2005,21,Medium,Drama
Gossip Girl,English,"Drama, Romance",7.3,2007-09-19,Ended,73.0,2007,19,Medium,Drama
Malcolm in the Middle,English,Comedy,7.7,2000-01-09,Running,77.0,2000,26,Medium,Comedy
Dharma & Greg,English,"Comedy, Family, Romance",7.4,1997-09-24,Ended,74.0,1997,29,Medium,Comedy
NYPD Blue,English,"Drama, Crime",7.9,1993-09-21,Ended,79.0,1993,33,Medium,Drama
The Glades,English,"Drama, Action, Crime",7.9,2010-07-11,Ended,79.0,2010,16,Medium,Drama
American Pickers,English,"Travel, History",7.4,2010-01-18,To Be Determined,74.0,2010,16,Medium,Travel
Everybody Loves Raymond,English,"Comedy, Family",7.0,1996-09-13,Ended,70.0,1996,30,Medium,Comedy
Happy Endings,English,Comedy,7.3,2011-04-13,Ended,73.0,2011,15,Medium,Comedy
Keeping Up with the Kardashians,English,Drama,3.3,2007-10-14,Ended,33.0,2007,19,Low,Drama
CSI: Miami,English,"Drama, Crime",7.6,2002-09-23,Ended,76.0,2002,24,Medium,Drama
Fawlty Towers,English,Comedy,8.4,1975-09-19,Ended,84.0,1975,51,High,Comedy
90210,English,"Drama, Romance",6.4,2008-09-02,Ended,64.0,2008,18,Medium,Drama
Harry's Law,English,"Drama, Legal",7.4,2011-01-17,Ended,74.0,2011,15,Medium,Drama
Raising Hope,English,"Comedy, Family",7.9,2010-09-21,Ended,79.0,2010,16,Medium,Comedy
JAG,English,"Drama, Crime, Legal",7.4,1995-09-23,Ended,74.0,1995,31,Medium,Drama
The Fresh Prince of Bel-Air,English,"Comedy, Family",7.9,1990-09-10,Ended,79.0,1990,36,Medium,Comedy
Sliders,English,"Adventure, Fantasy, Science-Fiction",7.8,1995-03-22,Ended,78.0,1995,31,Medium,Adventure
Las Vegas,English,"Drama, Crime",7.6,2003-09-22,Ended,76.0,2003,23,Medium,Drama
Ghost Hunters,English,Supernatural,6.2,2004-10-06,To Be Determined,62.0,2004,22,Medium,Supernatural
Breakout Kings,English,"Drama, Action, Crime",7.3,2011-03-06,Ended,73.0,2011,15,Medium,Drama
That '70s Show,English,Comedy,8.0,1998-08-23,Ended,80.0,1998,28,High,Comedy
NTSF:SD:SUV,English,"Comedy, Espionage",6.9,2011-07-22,Ended,69.0,2011,15,Medium,Comedy
Bad Teacher,English,Comedy,5.9,2014-04-24,Ended,59.0,2014,12,Low,Comedy
Pokémon,Japanese,"Adventure, Anime, Fantasy",7.8,1997-04-01,Running,78.0,1997,29,Medium,Adventure
Eat: The Story of Food,English,Food,7.6,2014-11-21,Ended,76.0,2014,12,Low,Food
"Dr. Oakley, Yukon Vet",English,Unknown,7.9,2014-04-12,Running,79.0,2014,12,Medium,Unknown
Murdoch Mysteries,English,"Drama, Crime, Mystery",8.1,2008-01-24,Running,81.0,2008,18,High,Drama
Henry Danger,English,"Comedy, Family, Science-Fiction",6.7,2014-07-26,Ended,67.0,2014,12,Medium,Comedy
The Thundermans,English,"Comedy, Family, Science-Fiction",6.4,2013-10-14,Ended,64.0,2013,13,Medium,Comedy
The Real Housewives of Atlanta,English,Unknown,4.4,2008-10-07,Running,44.0,2008,18,Low,Unknown
Boston Legal,English,"Drama, Comedy, Legal",8.0,2004-10-03,Ended,80.0,2004,22,High,Drama
Hair Jacked,English,Unknown,7.6,2014-10-27,Ended,76.0,2014,12,Low,Unknown
Crowd Control,English,Unknown,7.6,2014-11-24,Ended,76.0,2014,12,Low,Unknown
Fake Off,English,Unknown,7.6,2014-10-27,Ended,76.0,2014,12,Low,Unknown
Euros of Hollywood,English,Unknown,7.6,2014-11-03,Ended,76.0,2014,12,Low,Unknown
Godfather of Pittsburgh,English,Unknown,7.6,2014-11-10,Ended,76.0,2014,12,Low,Unknown
Booze Traveler,English,"Food, Travel",7.6,2014-11-24,Ended,76.0,2014,12,Low,Food
Eric Greenspan is Hungry,English,"Food, Travel",7.6,2014-11-24,Ended,76.0,2014,12,Low,Food
Air Warriors,English,"Drama, Action, War",6.8,2014-11-09,Ended,68.0,2014,12,Medium,Drama
The Astronaut Wives Club,English,"Drama, History",7.2,2015-06-18,Ended,72.0,2015,11,Medium,Drama
Galavant,English,"Comedy, Fantasy, Music",7.8,2015-01-04,Ended,78.0,2015,11,Medium,Comedy
Wake Up Call,English,Drama,7.6,2014-12-12,Ended,76.0,2014,12,Low,Drama
Expedition Unknown,English,"Adventure, Mystery, History",7.6,2015-01-08,Running,76.0,2015,11,Medium,Adventure
Eye Candy,English,"Drama, Crime, Thriller",6.6,2015-01-12,Ended,66.0,2015,11,Medium,Drama
12 Monkeys,English,"Drama, Adventure, Science-Fiction",7.7,2015-01-16,Ended,77.0,2015,11,Medium,Drama
Sons of Liberty,English,"Drama, Action, History",7.9,2015-01-25,Ended,79.0,2015,11,Medium,Drama
Street Art Throwdown,English,Unknown,7.6,2015-02-03,Ended,76.0,2015,11,Low,Unknown
Allegiance,English,"Drama, Crime, Thriller",7.0,2015-02-05,Ended,70.0,2015,11,Medium,Drama
Better Call Saul,English,"Drama, Crime, Legal",8.6,2015-02-08,Ended,86.0,2015,11,High,Drama
Outlaw Country,English,"Drama, Crime",7.6,2015-02-24,Ended,76.0,2015,11,Low,Drama
The Last Man on Earth,English,"Comedy, Science-Fiction",7.0,2015-03-01,Ended,70.0,2015,11,Medium,Comedy
Backstrom,English,"Drama, Comedy, Crime",7.8,2015-01-22,Ended,78.0,2015,11,Medium,Drama
Wrestling with Death,English,Unknown,7.6,2015-01-13,Ended,76.0,2015,11,Low,Unknown
Younger,English,"Comedy, Romance",7.3,2015-03-31,Ended,73.0,2015,11,Medium,Comedy
Hindsight,English,"Drama, Comedy, Science-Fiction",6.8,2015-01-07,Ended,68.0,2015,11,Medium,Drama
Polka Kings,English,Unknown,7.6,2015-04-11,Ended,76.0,2015,11,Low,Unknown
A.D. The Bible Continues,English,"Drama, Adventure",6.1,2015-04-05,Ended,61.0,2015,11,Medium,Drama
Dig,English,"Drama, Thriller, Mystery",7.3,2015-03-05,Ended,73.0,2015,11,Medium,Drama
Rock This Boat: New Kids on the Block,English,Unknown,7.6,2015-01-14,Ended,76.0,2015,11,Low,Unknown
Kitchen Inferno,English,Food,7.6,2014-11-05,Ended,76.0,2014,12,Low,Food
Murder Book,English,Crime,7.6,2014-12-02,Ended,76.0,2014,12,Low,Crime
My Strange Criminal Addiction,English,Crime,7.6,2014-12-01,Ended,76.0,2014,12,Low,Crime
Momsters: When Moms Go Bad,English,Unknown,7.6,2014-11-28,Ended,76.0,2014,12,Low,Unknown
Food Truck Face Off,English,Unknown,7.6,2014-09-28,Ended,76.0,2014,12,Low,Unknown
Love the Way You Lie,English,"Drama, Crime",7.6,2014-11-12,Ended,76.0,2014,12,Low,Drama
Ascension,English,"Drama, Science-Fiction",7.7,2014-12-15,Ended,77.0,2014,12,Medium,Drama
The Pioneers,English,Unknown,7.6,2014-12-09,Ended,76.0,2014,12,Low,Unknown
Girlfriends' Guide to Divorce,English,"Drama, Comedy, Romance",7.5,2014-12-02,Ended,75.0,2014,12,Medium,Drama
Sacred Journeys with Bruce Feiler,English,Unknown,7.6,2014-12-16,Ended,76.0,2014,12,Low,Unknown
Hitler the Junkie,English,"Drama, War",7.6,2014-12-14,Ended,76.0,2014,12,Low,Drama
Biblical Conspiracies,English,History,7.6,2014-12-14,Ended,76.0,2014,12,Low,History
Amish Renogades,English,"Travel, DIY",7.6,2014-11-22,Ended,76.0,2014,12,Low,Travel
The Carbonaro Effect,English,Comedy,7.6,2014-05-15,Ended,76.0,2014,12,Medium,Comedy
Barmageddon,English,Unknown,7.6,2014-10-29,Ended,76.0,2014,12,Low,Unknown
My Crazy Love,English,Romance,7.6,2014-10-28,Ended,76.0,2014,12,Low,Romance
Friends of the People,English,Comedy,7.6,2014-10-28,Ended,76.0,2014,12,Low,Comedy
Bye Felicia!,English,Unknown,7.6,2014-12-09,Ended,76.0,2014,12,Low,Unknown
Nail'd It!,English,Unknown,7.6,2014-10-07,Ended,76.0,2014,12,Low,Unknown
The Red Tent,English,Drama,6.0,2014-12-07,Ended,60.0,2014,12,Medium,Drama
Risking It All,English,Unknown,7.6,2014-11-18,Ended,76.0,2014,12,Low,Unknown
The Sisterhood: Becoming Nuns,English,Unknown,7.6,2014-11-25,Ended,76.0,2014,12,Low,Unknown
Lucha Underground,English,Unknown,7.9,2014-10-29,Ended,79.0,2014,12,Medium,Unknown
Country Buck$,English,Unknown,7.6,2014-11-19,Ended,76.0,2014,12,Low,Unknown
Ally McBeal,English,"Drama, Comedy, Legal",7.2,1997-09-08,Ended,72.0,1997,29,Medium,Drama
Spin City,English,Comedy,7.7,1996-09-17,Ended,77.0,1996,30,Medium,Comedy
Spooks,English,"Drama, Thriller, Espionage",8.0,2002-05-13,Ended,80.0,2002,24,High,Drama
Crossbones,English,"Drama, Action, Adventure",6.9,2014-05-30,Ended,69.0,2014,12,Medium,Drama
Torchwood,English,"Drama, Science-Fiction",8.0,2006-10-22,Ended,80.0,2006,20,High,Drama
Joey,English,"Comedy, Romance",6.7,2004-09-09,Ended,67.0,2004,22,Medium,Comedy
The Great Christmas Light Fight,English,Unknown,7.2,2013-12-09,Running,72.0,2013,13,Medium,Unknown
Leverage,English,"Drama, Action, Crime",8.1,2008-12-07,Ended,81.0,2008,18,High,Drama
The Shield,English,"Drama, Crime",8.6,2002-03-12,Ended,86.0,2002,24,High,Drama
Make It or Break It,English,"Drama, Comedy, Sports",6.4,2009-06-22,Ended,64.0,2009,17,Medium,Drama
M*A*S*H,English,"Comedy, War, Medical",8.5,1972-09-17,Ended,85.0,1972,54,High,Comedy
Drop Dead Diva,English,"Drama, Comedy",7.8,2009-07-12,Ended,78.0,2009,17,Medium,Drama
Burn Notice,English,"Drama, Action, Crime",8.0,2007-06-28,Ended,80.0,2007,19,High,Drama
Teenage Mutant Ninja Turtles,English,"Comedy, Action, Science-Fiction",6.7,2012-09-28,Ended,67.0,2012,14,Medium,Comedy
In the Flesh,English,"Drama, Horror, Supernatural",7.0,2013-03-17,Ended,70.0,2013,13,Medium,Drama
Luther,English,"Drama, Crime, Thriller",8.4,2010-05-04,Ended,84.0,2010,16,High,Drama
The Avengers: Earth's Mightiest Heroes!,English,"Action, Adventure, Science-Fiction",8.0,2010-09-22,Ended,80.0,2010,16,High,Action
Phineas and Ferb,English,"Comedy, Children",7.3,2007-08-17,Running,73.0,2007,19,Medium,Comedy
Roswell,English,"Drama, Romance, Science-Fiction",7.7,1999-10-06,Ended,77.0,1999,27,Medium,Drama
Southland,English,"Drama, Crime, Thriller",8.1,2009-04-09,Ended,81.0,2009,17,High,Drama
Ancient Aliens,English,Unknown,6.5,2009-03-08,Running,65.0,2009,17,Medium,Unknown
Sex and the City,English,"Drama, Comedy, Romance",7.0,1998-06-06,Ended,70.0,1998,28,Medium,Drama
Rome,English,"Drama, Action, Adventure",8.4,2005-08-28,Ended,84.0,2005,21,High,Drama
My Name Is Earl,English,Comedy,7.7,2005-09-20,Ended,77.0,2005,21,Medium,Comedy
Damages,English,"Drama, Legal",7.8,2007-07-24,Ended,78.0,2007,19,Medium,Drama
Airwolf,English,"Action, Adventure, Science-Fiction",7.3,1984-01-22,Ended,73.0,1984,42,Medium,Action
The Pretender,English,"Drama, Adventure, Mystery",7.2,1996-09-19,Ended,72.0,1996,30,Medium,Drama
Numb3rs,English,"Drama, Action, Crime",7.9,2005-01-23,Ended,79.0,2005,21,Medium,Drama
Boy Meets World,English,"Drama, Comedy, Family",7.0,1993-09-24,Ended,70.0,1993,33,Medium,Drama
Necessary Roughness,English,"Drama, Comedy",7.1,2011-06-29,Ended,71.0,2011,15,Medium,Drama
Dance Moms,English,"Drama, Family, Music",6.0,2011-07-13,Running,60.0,2011,15,Medium,Drama
Robot Chicken,English,"Comedy, Science-Fiction",7.6,2005-02-20,To Be Determined,76.0,2005,21,Medium,Comedy
Project Runway,English,Unknown,6.9,2004-12-01,Running,69.0,2004,22,Medium,Unknown
Manhattan,English,Drama,8.0,2014-07-27,Ended,80.0,2014,12,High,Drama
Young Justice,English,"Action, Adventure, Science-Fiction",8.0,2010-11-26,Ended,80.0,2010,16,High,Action
Roseanne,English,"Comedy, Family",5.9,1988-10-18,Ended,59.0,1988,38,Low,Comedy
Daniel Tiger's Neighborhood,English,"Comedy, Children, Fantasy",3.8,2012-09-03,Running,38.0,2012,14,Low,Comedy
Everybody Hates Chris,English,Comedy,7.8,2005-09-22,Ended,78.0,2005,21,Medium,Comedy
Jeeves & Wooster,English,Comedy,8.0,1990-04-22,Ended,80.0,1990,36,High,Comedy
Monty Python's Flying Circus,English,Comedy,7.9,1969-10-05,Ended,79.0,1969,57,Medium,Comedy
Durarara!!,Japanese,"Drama, Action, Anime, Fantasy",6.5,2010-01-08,Ended,65.0,2010,16,Medium,Drama
The X Factor,English,Music,6.2,2004-09-04,Ended,62.0,2004,22,Medium,Music
The Critic,English,Comedy,6.8,1994-01-26,Ended,68.0,1994,32,Medium,Comedy
Peg + Cat,English,Children,6.2,2013-10-07,Ended,62.0,2013,13,Medium,Children
Play for Today,English,Drama,7.6,1970-10-15,Ended,76.0,1970,56,Low,Drama
Marco Polo,English,"Drama, Action, Adventure",8.0,2014-12-12,Ended,80.0,2014,12,High,Drama
Dancing on the Edge,English,Drama,7.4,2013-02-04,Ended,74.0,2013,13,Medium,Drama
Gold Rush,English,"Action, Adventure, Nature",8.0,2010-12-03,Running,80.0,2010,16,High,Action
QI,English,Comedy,8.1,2003-09-11,Running,81.0,2003,23,High,Comedy
Shaun the Sheep,English,"Comedy, Children",7.8,2007-03-05,To Be Determined,78.0,2007,19,Medium,Comedy
Fast N' Loud,English,Unknown,7.8,2012-06-06,Ended,78.0,2012,14,Medium,Unknown
Teen Titans Go!,English,"Comedy, Action, Science-Fiction",7.2,2013-04-23,Running,72.0,2013,13,Medium,Comedy
Sofia the First,English,"Adventure, Children, Fantasy",6.4,2013-01-11,Ended,64.0,2013,13,Medium,Adventure
Lilyhammer,English,"Drama, Comedy, Crime",7.9,2012-01-25,Ended,79.0,2012,14,Medium,Drama
An Idiot Abroad,English,"Comedy, Adventure, Travel",7.6,2010-09-23,Ended,76.0,2010,16,Medium,Comedy
Mickey Mouse Clubhouse,English,"Comedy, Children",6.9,2006-05-06,Ended,69.0,2006,20,Medium,Comedy
Who's the Boss?,English,"Comedy, Family",7.6,1984-09-20,Ended,76.0,1984,42,Medium,Comedy
The Tudors,English,"Drama, History",7.9,2007-04-01,Ended,79.0,2007,19,Medium,Drama
SpongeBob SquarePants,English,"Comedy, Adventure, Fantasy",8.0,1999-05-01,Running,80.0,1999,27,High,Comedy
Star Trek: Enterprise,English,"Action, Adventure, Science-Fiction",8.2,2001-09-26,Ended,82.0,2001,25,High,Action
Spartacus,English,"Drama, Action, History",8.5,2010-01-22,Ended,85.0,2010,16,High,Drama
Quantum Leap,English,"Drama, Action, Science-Fiction",8.0,1989-03-26,Ended,80.0,1989,37,High,Drama
The Tonight Show Starring Jimmy Fallon,English,Comedy,4.4,2014-02-17,Running,44.0,2014,12,Low,Comedy
Tanked,English,Unknown,7.5,2011-08-07,Ended,75.0,2011,15,Medium,Unknown
Rules of Engagement,English,"Comedy, Romance",7.9,2007-02-05,Ended,79.0,2007,19,Medium,Comedy
Pawnography,English,Unknown,7.6,2014-07-10,Ended,76.0,2014,12,Low,Unknown
The Golden Girls,English,"Drama, Comedy",8.0,1985-09-14,Ended,80.0,1985,41,High,Drama
Where on Earth is Carmen Sandiego?,English,"Action, Adventure",6.4,1994-02-05,Ended,64.0,1994,32,Medium,Action
WWII in HD,English,"War, History",7.6,2009-11-15,Ended,76.0,2009,17,Low,War
Pee-Wee's Playhouse,English,Comedy,7.4,1986-09-13,Ended,74.0,1986,40,Medium,Comedy
The Profit,English,Unknown,8.0,2013-07-30,Ended,80.0,2013,13,High,Unknown
Casualty,English,"Drama, Medical",7.2,1986-09-06,Running,72.0,1986,40,Medium,Drama
Blue Mountain State,English,"Comedy, Sports",8.0,2010-01-11,Ended,80.0,2010,16,High,Comedy
Bar Rescue,English,Food,7.3,2011-07-17,Running,73.0,2011,15,Medium,Food
Fresh Off the Boat,English,Comedy,7.3,2015-02-04,Ended,73.0,2015,11,Medium,Comedy
The Whispers,English,"Drama, Science-Fiction, Thriller",6.9,2015-06-01,Ended,69.0,2015,11,Medium,Drama
Battle Creek,English,"Drama, Comedy, Crime",7.2,2015-03-01,Ended,72.0,2015,11,Medium,Drama
CSI: Cyber,English,"Drama, Action, Crime",6.7,2015-03-04,Ended,67.0,2015,11,Medium,Drama
Bubble Guppies,English,Children,5.4,2011-01-24,Ended,54.0,2011,15,Low,Children
Pregnant in Heels,English,Unknown,7.6,2011-04-05,Ended,76.0,2011,15,Low,Unknown
The Odd Couple,English,Comedy,6.8,2015-02-19,Ended,68.0,2015,11,Medium,Comedy
Zoo,English,"Drama, Science-Fiction, Thriller",7.3,2015-06-30,Ended,73.0,2015,11,Medium,Drama
Are You Smarter Than a 5th Grader?,English,Unknown,7.6,2007-02-27,Ended,76.0,2007,19,Low,Unknown
10 Things I Hate About You,English,"Drama, Comedy",6.3,2009-07-07,Ended,63.0,2009,17,Medium,Drama
The Bachelorette,English,Romance,3.3,2003-01-08,Running,33.0,2003,23,Low,Romance
NY Med,English,"Drama, Medical",7.6,2012-07-10,Ended,76.0,2012,14,Low,Drama
The Real Housewives of Beverly Hills,English,Unknown,6.0,2010-10-14,Running,60.0,2010,16,Medium,Unknown
Naked and Afraid,English,"Adventure, Nature",6.5,2013-06-23,Running,65.0,2013,13,Medium,Adventure
Oz,English,"Drama, Crime",8.7,1997-07-12,Ended,87.0,1997,29,High,Drama
CSI: NY,English,"Drama, Action, Crime",7.8,2004-09-22,Ended,78.0,2004,22,Medium,Drama
The Real Housewives of New York City,English,Unknown,5.5,2008-03-04,Running,55.0,2008,18,Low,Unknown
The Graham Norton Show,English,Comedy,8.1,2007-02-22,Running,81.0,2007,19,High,Comedy
My Boys,English,"Drama, Comedy",6.7,2006-11-28,Ended,67.0,2006,20,Medium,Drama
Comedy Bang! Bang!,English,Comedy,7.6,2012-06-08,Ended,76.0,2012,14,Low,Comedy
Kill la Kill,Japanese,"Action, Adventure, Anime, Fantasy",6.9,2013-10-04,Ended,69.0,2013,13,Medium,Action
Freaks and Geeks,English,"Drama, Comedy",8.0,1999-09-25,Ended,80.0,1999,27,High,Drama
Not Going Out,English,Comedy,7.8,2006-10-06,Running,78.0,2006,20,Medium,Comedy
Batman: The Animated Series,English,"Action, Adventure, Science-Fiction",8.5,1992-09-05,Ended,85.0,1992,34,High,Action
The Secret Life of the American Teenager,English,"Drama, Comedy, Family",6.6,2008-07-01,Ended,66.0,2008,18,Medium,Drama
Good Luck Charlie,English,"Comedy, Family",7.7,2010-04-04,Ended,77.0,2010,16,Medium,Comedy
Miami Vice,English,"Drama, Action, Crime",7.4,1984-09-16,Ended,74.0,1984,42,Medium,Drama
Edge of Alaska,English,Unknown,7.3,2014-10-24,Ended,73.0,2014,12,Medium,Unknown
The Big C,English,"Drama, Comedy",7.3,2010-08-16,Ended,73.0,2010,16,Medium,Drama
The Honourable Woman,English,"Drama, Thriller, Espionage",7.9,2014-07-03,Ended,79.0,2014,12,Medium,Drama
Bored to Death,English,"Drama, Comedy, Crime",7.7,2009-09-20,Ended,77.0,2009,17,Medium,Drama
Teen Titans,English,"Action, Adventure, Science-Fiction",7.3,2003-07-19,Ended,73.0,2003,23,Medium,Action
How It's Made,English,Unknown,7.7,2001-01-06,Ended,77.0,2001,25,Medium,Unknown
Planet Earth,English,Nature,8.8,2006-03-05,Ended,88.0,2006,20,High,Nature
Better Off Ted,English,Comedy,8.2,2009-03-18,Ended,82.0,2009,17,High,Comedy
Private Practice,English,"Drama, Romance, Medical",7.7,2007-09-26,Ended,77.0,2007,19,Medium,Drama
Royal Pains,English,"Drama, Comedy, Family",7.4,2009-06-04,Ended,74.0,2009,17,Medium,Drama
Cold Case,English,"Drama, Crime",8.0,2003-09-28,Ended,80.0,2003,23,High,Drama
Medium,English,"Drama, Crime, Supernatural",7.4,2005-01-03,Ended,74.0,2005,21,Medium,Drama
The Cleveland Show,English,Comedy,7.0,2009-09-27,Ended,70.0,2009,17,Medium,Comedy
The Closer,English,"Drama, Crime, Mystery",7.9,2005-06-13,Ended,79.0,2005,21,Medium,Drama
The O.C.,English,"Drama, Comedy, Romance",7.2,2003-08-05,Ended,72.0,2003,23,Medium,Drama
Hannah Montana,English,"Comedy, Family, Music",6.2,2006-03-24,Ended,62.0,2006,20,Medium,Comedy
Army Wives,English,"Drama, Family, Romance",8.0,2007-06-03,Ended,80.0,2007,19,High,Drama
Brothers & Sisters,English,Drama,7.6,2006-09-24,Ended,76.0,2006,20,Medium,Drama
Flashpoint,English,"Action, Adventure, Crime",7.8,2008-07-11,Ended,78.0,2008,18,Medium,Action
Friday Night Lights,English,"Drama, Sports",8.2,2006-10-03,Ended,82.0,2006,20,High,Drama
Gunsmoke,English,"Action, Adventure, Western",7.8,1955-09-10,Ended,78.0,1955,71,Medium,Action
Body of Proof,English,"Drama, Crime",7.7,2011-03-29,Ended,77.0,2011,15,Medium,Drama
Law & Order: Criminal Intent,English,"Drama, Crime, Legal",7.8,2001-09-30,Ended,78.0,2001,25,Medium,Drama
The Twilight Zone,English,"Science-Fiction, Mystery, Supernatural",8.9,1959-10-02,Ended,89.0,1959,67,High,Science-Fiction
GREEK,English,"Drama, Comedy",7.8,2007-07-09,Ended,78.0,2007,19,Medium,Drama
Merlin,English,"Adventure, Fantasy, Science-Fiction",7.9,2008-09-20,Ended,79.0,2008,18,Medium,Adventure
The Unit,English,"Drama, Action, Crime",8.4,2006-03-07,Ended,84.0,2006,20,High,Drama
Misfits,English,"Drama, Comedy, Science-Fiction",7.8,2009-11-12,Ended,78.0,2009,17,Medium,Drama
The Tonight Show with Jay Leno,English,Comedy,7.6,1992-05-25,Ended,76.0,1992,34,Low,Comedy
EastEnders,English,Drama,6.7,1985-02-19,Running,67.0,1985,41,Medium,Drama
Power Rangers,English,"Action, Children, Science-Fiction",6.5,1993-08-28,Ended,65.0,1993,33,Medium,Action
Jericho,English,"Drama, Action, Science-Fiction",8.0,2006-09-20,Ended,80.0,2006,20,High,Drama
Ugly Betty,English,"Drama, Comedy",7.6,2006-09-28,Ended,76.0,2006,20,Medium,Drama
Rescue Me,English,"Drama, Comedy",8.0,2004-07-21,Ended,80.0,2004,22,High,Drama
Deadliest Catch,English,"Action, Adventure, Nature",7.5,2005-04-12,Running,75.0,2005,21,Medium,Action
7th Heaven,English,"Drama, Family",7.0,1996-08-26,Ended,70.0,1996,30,Medium,Drama
Kyle XY,English,"Drama, Science-Fiction, Mystery",7.9,2006-06-26,Ended,79.0,2006,20,Medium,Drama
Jersey Shore,English,Unknown,5.4,2009-12-03,Ended,54.0,2009,17,Low,Unknown
WWE Monday Night RAW,English,Unknown,7.4,1993-01-11,Running,74.0,1993,33,Medium,Unknown
WWE Friday Night SmackDown,English,"Drama, Comedy, Action",4.2,1999-04-29,Running,42.0,1999,27,Low,Drama
Strike Back,English,"Drama, Action, War",8.3,2010-05-05,Ended,83.0,2010,16,High,Drama
Kitchen Nightmares,English,Food,7.6,2007-09-19,Running,76.0,2007,19,Medium,Food
The Bold and the Beautiful,English,"Drama, Family, Romance",5.5,1987-03-23,Running,55.0,1987,39,Low,Drama
Wizards of Waverly Place,English,"Comedy, Family, Fantasy",7.8,2007-10-12,Ended,78.0,2007,19,Medium,Comedy
iCarly,English,"Comedy, Children, Family",6.5,2007-09-08,Ended,65.0,2007,19,Medium,Comedy
In Plain Sight,English,"Drama, Action, Crime",7.9,2008-06-01,Ended,79.0,2008,18,Medium,Drama
Suburgatory,English,Comedy,7.1,2011-09-28,Ended,71.0,2011,15,Medium,Comedy
Days of Our Lives,English,"Drama, Family, Romance",7.0,1965-11-08,Running,70.0,1965,61,Medium,Drama
Without a Trace,English,"Drama, Crime, Thriller",7.6,2002-09-26,Ended,76.0,2002,24,Medium,Drama
No Ordinary Family,English,"Drama, Action, Science-Fiction",7.8,2010-09-28,Ended,78.0,2010,16,Medium,Drama
Reaper,English,"Drama, Comedy, Supernatural",7.7,2007-09-25,Ended,77.0,2007,19,Medium,Drama
So You Think You Can Dance,English,Music,6.1,2005-07-20,Ended,61.0,2005,21,Medium,Music
Big Love,English,Drama,7.7,2006-03-12,Ended,77.0,2006,20,Medium,Drama
"Beverly Hills, 90210",English,"Drama, Romance",6.5,1990-10-04,Ended,65.0,1990,36,Medium,Drama
Wife Swap,English,Unknown,7.6,2004-09-26,Ended,76.0,2004,22,Low,Unknown
Hung,English,"Drama, Comedy",6.9,2009-06-28,Ended,69.0,2009,17,Medium,Drama
MacGyver,English,"Action, Adventure",8.1,1985-09-29,Ended,81.0,1985,41,High,Action
Penn & Teller: Bullshit!,English,Comedy,8.0,2003-01-24,Ended,80.0,2003,23,High,Comedy
The L Word,English,"Drama, Romance",7.4,2004-01-15,Ended,74.0,2004,22,Medium,Drama
Ice Road Truckers,English,"Drama, Action",6.9,2007-06-17,Running,69.0,2007,19,Medium,Drama
Bewitched,English,"Comedy, Family, Fantasy",7.4,1964-09-17,Ended,74.0,1964,62,Medium,Comedy
The Cleaner,English,"Drama, Action",6.9,2008-07-15,Ended,69.0,2008,18,Medium,Drama
Hotel Impossible,English,Travel,7.6,2012-04-09,Ended,76.0,2012,14,Low,Travel
Homicide: Life on the Street,English,"Drama, Crime, Mystery",8.0,1993-01-31,Ended,80.0,1993,33,High,Drama
Made in Chelsea,English,Unknown,5.0,2011-05-09,Running,50.0,2011,15,Low,Unknown
The Rockford Files,English,"Drama, Action, Crime",7.9,1974-03-27,Ended,79.0,1974,52,Medium,Drama
Hustle,English,"Drama, Crime, Thriller",8.0,2004-02-24,Ended,80.0,2004,22,High,Drama
The Secret Circle,English,"Drama, Horror, Supernatural",7.5,2011-09-15,Ended,75.0,2011,15,Medium,Drama
Boss,English,"Drama, Crime",7.9,2011-10-21,Ended,79.0,2011,15,Medium,Drama
Late Night with Conan O'Brien,English,Comedy,8.0,1993-09-13,Ended,80.0,1993,33,High,Comedy
Full Throttle Saloon,English,Unknown,7.6,2009-11-10,Ended,76.0,2009,17,Low,Unknown
Dirty Jobs,English,Unknown,7.9,2003-11-07,To Be Determined,79.0,2003,23,Medium,Unknown
According to Jim,English,"Comedy, Family",6.0,2001-10-03,Ended,60.0,2001,25,Medium,Comedy
Treme,English,"Drama, Music",7.9,2010-04-11,Ended,79.0,2010,16,Medium,Drama
"Quincy, M.E.",English,"Drama, Crime, Medical",7.9,1976-10-03,Ended,79.0,1976,50,Medium,Drama
Geordie Shore,English,"Drama, Comedy",6.6,2011-05-24,Running,66.0,2011,15,Medium,Drama
In Treatment,English,"Drama, Medical",7.1,2008-01-28,Ended,71.0,2008,18,Medium,Drama
Heroes Unmasked,English,Science-Fiction,7.6,2007-07-25,Ended,76.0,2007,19,Low,Science-Fiction
Dawson's Creek,English,"Drama, Romance",7.2,1998-01-20,Ended,72.0,1998,28,Medium,Drama
The Real Housewives of Orange County,English,Unknown,4.4,2006-03-21,Running,44.0,2006,20,Low,Unknown
The Hard Times of RJ Berger,English,Comedy,7.6,2010-06-06,Ended,76.0,2010,16,Low,Comedy
ALF,English,"Comedy, Family, Science-Fiction",7.4,1986-09-22,Ended,74.0,1986,40,Medium,Comedy
"I'm a Celebrity, Get Me Out of Here!",English,Unknown,6.1,2002-08-25,Running,61.0,2002,24,Medium,Unknown
Life on Mars,English,"Drama, Crime, Science-Fiction",8.0,2006-01-09,Ended,80.0,2006,20,High,Drama
Time Team,English,History,7.0,1994-01-16,Ended,70.0,1994,32,Medium,History
Luck,English,"Drama, Crime, Sports",7.5,2012-01-29,Ended,75.0,2012,14,Medium,Drama
"Drugs, Inc.",English,Unknown,6.7,2010-07-11,Ended,67.0,2010,16,Medium,Unknown
Sinbad,English,"Action, Adventure, Fantasy",7.7,2012-07-08,Ended,77.0,2012,14,Medium,Action
Later... with Jools Holland,English,Music,8.0,1992-10-08,Running,80.0,1992,34,High,Music
Outcasts,English,"Drama, Science-Fiction",7.7,2011-02-07,Ended,77.0,2011,15,Medium,Drama
Hardcore Pawn,English,Unknown,7.9,2010-08-16,Ended,79.0,2010,16,Medium,Unknown
Storage Wars,English,Unknown,6.0,2010-12-01,Running,60.0,2010,16,Medium,Unknown
Dirty Sexy Money,English,Drama,7.4,2007-09-26,Ended,74.0,2007,19,Medium,Drama
Being Erica,English,"Drama, Comedy, Fantasy",8.0,2009-01-05,Ended,80.0,2009,17,High,Drama
The Firm,English,"Drama, Crime, Legal",7.1,2012-01-08,Ended,71.0,2012,14,Medium,Drama
Secret Diary of a Call Girl,English,"Drama, Adult",7.7,2007-09-27,Ended,77.0,2007,19,Medium,Drama
The Finder,English,"Drama, Comedy, Crime",7.7,2012-01-12,Ended,77.0,2012,14,Medium,Drama
Law & Order: LA,English,"Drama, Crime, Legal",7.1,2010-09-29,Ended,71.0,2010,16,Medium,Drama
Regular Show,English,"Comedy, Adventure",7.6,2010-09-06,Ended,76.0,2010,16,Medium,Comedy
Deadly Women,English,Crime,7.2,2005-02-08,Ended,72.0,2005,21,Medium,Crime
Battlestar Galactica: Blood & Chrome,English,"Drama, Action, Science-Fiction",8.0,2012-11-09,Ended,80.0,2012,14,High,Drama
Bunheads,English,"Drama, Comedy",7.9,2012-06-11,Ended,79.0,2012,14,Medium,Drama
How It's Made: Dream Cars,English,"Nature, History, Sports",6.5,2013-06-13,Ended,65.0,2013,13,Medium,Nature
George Clarke's Amazing Spaces,English,DIY,7.1,2012-10-23,Running,71.0,2012,14,Medium,DIY
Taboo,English,Unknown,7.6,2002-09-30,Ended,76.0,2002,24,Low,Unknown
Question Time,English,Unknown,5.0,1979-09-25,Running,50.0,1979,47,Low,Unknown
Extreme Weight Loss,English,Unknown,7.6,2011-05-30,Ended,76.0,2011,15,Low,Unknown
Pit Bulls & Parolees,English,Unknown,7.9,2009-10-30,Ended,79.0,2009,17,Medium,Unknown
Rude Tube,English,Comedy,7.6,2008-11-05,Ended,76.0,2008,18,Low,Comedy
Tattoos After Dark,English,Unknown,7.6,2014-01-01,Ended,76.0,2014,12,Low,Unknown
CHiPs,English,"Drama, Action, Crime",7.1,1977-09-15,Ended,71.0,1977,49,Medium,Drama
Agatha Christie's Marple,English,"Drama, Crime, Mystery",7.6,2004-12-12,Ended,76.0,2004,22,Medium,Drama
Posh People: Inside Tatler,English,Unknown,7.6,2014-11-24,Ended,76.0,2014,12,Low,Unknown
8 Out of 10 Cats Does Countdown,English,Comedy,7.8,2012-01-02,Running,78.0,2012,14,Medium,Comedy
Rewrapped,English,Unknown,7.6,2014-04-21,Ended,76.0,2014,12,Low,Unknown
The Legend of Mick Dodge,English,Unknown,7.6,2014-01-07,Ended,76.0,2014,12,Low,Unknown
Project Runway: Threads,English,Unknown,7.6,2014-10-23,Ended,76.0,2014,12,Low,Unknown
Top Chef Duels,English,Food,7.6,2014-08-06,Ended,76.0,2014,12,Low,Food
Benidorm,English,Comedy,7.6,2007-02-01,Ended,76.0,2007,19,Medium,Comedy
Young Dracula,English,"Comedy, Children, Horror",8.2,2006-09-21,Ended,82.0,2006,20,High,Comedy
Hard Knocks,English,Sports,6.3,2001-08-01,Running,63.0,2001,25,Medium,Sports
The Haunted,English,"Horror, Supernatural",7.6,2009-11-22,Ended,76.0,2009,17,Low,Horror
Paw Patrol,English,"Comedy, Action, Adventure",6.2,2013-08-12,Running,62.0,2013,13,Medium,Comedy
Rake,English,"Drama, Comedy, Legal",7.2,2014-01-23,Ended,72.0,2014,12,Medium,Drama
Sanjay and Craig,English,"Comedy, Children",7.2,2013-05-25,Ended,72.0,2013,13,Medium,Comedy
Reckless,English,Drama,8.0,2014-06-29,Ended,80.0,2014,12,High,Drama
Storage Hunters,English,Unknown,6.3,2011-06-21,Ended,63.0,2011,15,Medium,Unknown
Great Continental Railway Journeys,English,Travel,8.0,2012-11-08,Running,80.0,2012,14,High,Travel
Batman: The Brave and the Bold,English,"Action, Crime, Science-Fiction",7.6,2008-11-13,Ended,76.0,2008,18,Medium,Action
Pioneers of Television,English,Unknown,7.6,2008-01-02,Ended,76.0,2008,18,Low,Unknown
Don't Tell the Bride,English,Unknown,7.6,2007-11-08,To Be Determined,76.0,2007,19,Low,Unknown
Eggheads,English,Unknown,7.6,2003-11-10,Ended,76.0,2003,23,Low,Unknown
Antiques Roadshow,English,History,7.8,1979-02-18,Running,78.0,1979,47,Medium,History
Hercules: The Legendary Journeys,English,"Action, Adventure, Fantasy",6.9,1994-05-05,Ended,69.0,1994,32,Medium,Action
Girlfriends,English,"Comedy, Romance",7.4,2000-09-11,Ended,74.0,2000,26,Medium,Comedy
The Practice,English,"Drama, Legal",7.5,1997-03-04,Ended,75.0,1997,29,Medium,Drama
Queer As Folk,English,"Drama, Romance",7.8,2000-12-03,Ended,78.0,2000,26,Medium,Drama
Perry Mason,English,"Drama, Crime, Legal",6.4,1957-09-21,Ended,64.0,1957,69,Medium,Drama
Beavis and Butt-Head,English,"Comedy, Music",7.2,1992-09-22,Ended,72.0,1992,34,Medium,Comedy
Some Girls,English,Comedy,7.8,2012-11-06,Ended,78.0,2012,14,Medium,Comedy
The Boondocks,English,Comedy,7.7,2005-11-06,Ended,77.0,2005,21,Medium,Comedy
Man vs. Wild,English,"Action, Adventure",8.0,2006-10-27,Ended,80.0,2006,20,High,Action
The Bachelor,English,Romance,3.0,2002-03-25,Running,30.0,2002,24,Low,Romance
The Suite Life of Zack and Cody,English,"Comedy, Children, Family",7.5,2005-03-18,Ended,75.0,2005,21,Medium,Comedy
Ridiculousness,English,Comedy,6.2,2011-08-29,Running,62.0,2011,15,Medium,Comedy
Ringer,English,"Drama, Crime, Mystery",5.8,2011-09-13,Ended,58.0,2011,15,Low,Drama
Pushing Daisies,English,"Drama, Mystery, Supernatural",8.1,2007-10-03,Ended,81.0,2007,19,High,Drama
Attack on Titan,Japanese,"Anime, Fantasy, Horror",8.9,2013-04-07,Ended,89.0,2013,13,High,Anime
Waterloo Road,English,Drama,6.3,2006-03-09,Running,63.0,2006,20,Medium,Drama
Cake Boss,English,"Food, Family",5.0,2009-05-25,Ended,50.0,2009,17,Low,Food
The Ultimate Fighter,English,"Drama, Action, Sports",6.2,2005-01-17,Running,62.0,2005,21,Medium,Drama
Primeval,English,"Drama, Adventure, Science-Fiction",8.0,2007-02-10,Ended,80.0,2007,19,High,Drama
Naked and Afraid: Uncensored,English,"Adventure, Nature",4.8,2013-06-30,Running,48.0,2013,13,Low,Adventure
Ghost Adventures,English,Supernatural,6.6,2008-10-17,Running,66.0,2008,18,Medium,Supernatural
Strange Sex,English,Unknown,7.6,2010-07-18,Ended,76.0,2010,16,Low,Unknown
Metalocalypse,English,Comedy,7.5,2006-08-06,Ended,75.0,2006,20,Medium,Comedy
The Hills,English,Unknown,5.4,2006-05-31,Ended,54.0,2006,20,Low,Unknown
American Chopper: Senior vs. Junior,English,Unknown,5.0,2010-08-12,Ended,50.0,2010,16,Low,Unknown
Modern Marvels,English,"Mystery, Nature, History",8.0,1993-12-10,To Be Determined,80.0,1993,33,High,Mystery
American Chopper,English,Unknown,6.4,2002-09-29,Ended,64.0,2002,24,Medium,Unknown
Swamp People,English,"Adventure, Nature",6.9,2010-08-22,Running,69.0,2010,16,Medium,Adventure
Reno 911!,English,"Comedy, Action, Crime",7.1,2003-07-23,Ended,71.0,2003,23,Medium,Comedy
LA Ink,English,Unknown,7.6,2007-08-07,Ended,76.0,2007,19,Low,Unknown
Dark Blue,English,"Drama, Action, Crime",7.9,2009-07-15,Ended,79.0,2009,17,Medium,Drama
Silent Witness,English,"Drama, Crime",7.6,1996-02-21,Running,76.0,1996,30,Medium,Drama
Ax Men,English,Adventure,6.2,2008-03-09,Ended,62.0,2008,18,Medium,Adventure
The Dead Zone,English,"Drama, Fantasy, Thriller",8.1,2002-06-16,Ended,81.0,2002,24,High,Drama
Eli Stone,English,"Drama, Fantasy, Legal",7.7,2008-01-31,Ended,77.0,2008,18,Medium,Drama
Pan Am,English,"Drama, Thriller",7.2,2011-09-25,Ended,72.0,2011,15,Medium,Drama
Saving Grace,English,"Drama, Crime, Fantasy",7.9,2007-07-23,Ended,79.0,2007,19,Medium,Drama
Reba,English,"Drama, Comedy, Family",7.2,2001-10-05,Ended,72.0,2001,25,Medium,Drama
Waking the Dead,English,"Drama, Crime",7.9,2000-09-04,Ended,79.0,2000,26,Medium,Drama
Friends with Benefits,English,"Comedy, Romance",6.2,2011-08-05,Ended,62.0,2011,15,Medium,Comedy
Crossing Jordan,English,"Drama, Crime, Mystery",7.3,2001-09-24,Ended,73.0,2001,25,Medium,Drama
The Village,English,"Drama, History",7.8,2013-03-31,Ended,78.0,2013,13,Medium,Drama
Family Ties,English,"Drama, Comedy, Family",7.2,1982-09-22,Ended,72.0,1982,44,Medium,Drama
Ben 10,English,"Action, Adventure, Science-Fiction",6.9,2005-12-27,Ended,69.0,2005,21,Medium,Action
My Wife and Kids,English,"Comedy, Family",6.9,2001-03-28,Ended,69.0,2001,25,Medium,Comedy
The Inbetweeners,English,Comedy,7.6,2008-05-01,Ended,76.0,2008,18,Medium,Comedy
Chopped,English,Food,6.2,2009-01-13,Running,62.0,2009,17,Medium,Food
American Restoration,English,History,6.4,2010-10-25,Ended,64.0,2010,16,Medium,History
Magnum P.I.,English,"Drama, Action, Mystery",7.7,1980-12-11,Ended,77.0,1980,46,Medium,Drama
The Dresden Files,English,"Drama, Fantasy, Mystery",7.9,2007-01-21,Ended,79.0,2007,19,Medium,Drama
Gangland,English,Crime,7.6,2007-11-01,Ended,76.0,2007,19,Low,Crime
Operation Repo,English,Drama,7.6,2008-11-17,Ended,76.0,2008,18,Low,Drama
Melrose Place,English,"Drama, Romance",7.1,1992-07-08,Ended,71.0,1992,34,Medium,Drama
The Lying Game,English,"Drama, Thriller",7.6,2011-08-15,Ended,76.0,2011,15,Medium,Drama
Hawaii Five-O,English,"Action, Adventure, Crime",7.1,1968-09-20,Ended,71.0,1968,58,Medium,Action
'til Death,English,"Comedy, Romance",7.4,2006-09-07,Ended,74.0,2006,20,Medium,Comedy
United States of Tara,English,"Drama, Comedy",7.5,2009-01-18,Ended,75.0,2009,17,Medium,Drama
Hawthorne,English,Drama,7.6,2009-06-16,Ended,76.0,2009,17,Low,Drama
House of Anubis,English,"Drama, Fantasy, Mystery",7.2,2011-01-01,Ended,72.0,2011,15,Medium,Drama
Deception,English,"Drama, Crime, Mystery",7.8,2013-01-07,Ended,78.0,2013,13,Medium,Drama
Rubicon,English,"Drama, Thriller, Espionage",7.9,2010-06-13,Ended,79.0,2010,16,Medium,Drama
19 Kids and Counting,English,Family,7.6,2008-09-29,Ended,76.0,2008,18,Low,Family
The Sarah Jane Adventures,English,"Action, Adventure, Science-Fiction",7.5,2007-01-01,Ended,75.0,2007,19,Medium,Action
Chaos,English,"Drama, Comedy, Espionage",7.5,2011-04-01,Ended,75.0,2011,15,Medium,Drama
Dirt,English,Drama,7.6,2007-01-02,Ended,76.0,2007,19,Medium,Drama
"Little People, Big World",English,Unknown,4.8,2006-03-04,To Be Determined,48.0,2006,20,Low,Unknown
Snapped,English,Crime,6.3,2004-08-06,Running,63.0,2004,22,Medium,Crime
Batman,English,"Comedy, Action, Adventure",7.8,1966-01-12,Ended,78.0,1966,60,Medium,Comedy
Sabrina the Teenage Witch,English,"Comedy, Family, Fantasy",7.5,1996-09-27,Ended,75.0,1996,30,Medium,Comedy
Chase,English,"Drama, Action, Crime",7.8,2010-09-20,Ended,78.0,2010,16,Medium,Drama
Chowder,English,"Comedy, Children",7.9,2007-11-02,Ended,79.0,2007,19,Medium,Comedy
Good Eats,English,Food,8.0,1999-07-07,Ended,80.0,1999,27,High,Food
Wipeout,English,Comedy,7.9,2008-06-24,Ended,79.0,2008,18,Medium,Comedy
Cleopatra 2525,English,"Action, Adventure, Science-Fiction",6.8,2000-01-17,Ended,68.0,2000,26,Medium,Action
Jack of All Trades,English,"Comedy, Action, Adventure",7.4,2000-01-22,Ended,74.0,2000,26,Medium,Comedy
Hollywood Heights,English,"Drama, Music, Romance",7.6,2012-06-11,Ended,76.0,2012,14,Low,Drama
8 Simple Rules,English,"Comedy, Family",6.9,2002-09-17,Ended,69.0,2002,24,Medium,Comedy
The New Adventures of Old Christine,English,"Comedy, Family",7.4,2006-03-13,Ended,74.0,2006,20,Medium,Comedy
The Sarah Silverman Program,English,Comedy,6.4,2007-02-01,Ended,64.0,2007,19,Medium,Comedy
Hellcats,English,"Drama, Comedy",7.5,2010-09-08,Ended,75.0,2010,16,Medium,Drama
Drake & Josh,English,"Comedy, Family",7.5,2004-01-11,Ended,75.0,2004,22,Medium,Comedy
Bang Goes the Theory,English,Unknown,7.6,2009-07-27,Ended,76.0,2009,17,Low,Unknown
Doc Martin,English,"Drama, Comedy, Medical",8.2,2004-09-02,Ended,82.0,2004,22,High,Drama
The Real World,English,Drama,7.6,1992-05-21,Ended,76.0,1992,34,Low,Drama
Dog the Bounty Hunter,English,Unknown,4.5,2004-08-31,Ended,45.0,2004,22,Low,Unknown
Life Unexpected,English,"Drama, Family",7.2,2010-01-18,Ended,72.0,2010,16,Medium,Drama
Flight of the Conchords,English,"Comedy, Music",7.9,2007-06-17,Ended,79.0,2007,19,Medium,Comedy
The Dog Whisperer,English,Family,4.8,2004-09-13,Ended,48.0,2004,22,Low,Family
Men in Trees,English,"Drama, Comedy",7.8,2006-09-12,Ended,78.0,2006,20,Medium,Drama
Catfish: The TV Show,English,Unknown,6.0,2012-11-12,Ended,60.0,2012,14,Medium,Unknown
Detroit 1-8-7,English,"Drama, Action, Crime",7.5,2010-09-21,Ended,75.0,2010,16,Medium,Drama
Flash Gordon,English,Science-Fiction,6.5,2007-08-10,Ended,65.0,2007,19,Medium,Science-Fiction
Squidbillies,English,Comedy,7.0,2005-10-16,Ended,70.0,2005,21,Medium,Comedy
Bag of Bones,English,"Drama, Horror, Mystery",7.2,2011-12-11,Ended,72.0,2011,15,Medium,Drama
Camelot,English,"Drama, Fantasy",6.7,2011-02-25,Ended,67.0,2011,15,Medium,Drama
Talking Bad,English,Unknown,7.6,2013-08-11,Ended,76.0,2013,13,Low,Unknown
Happy Town,English,"Drama, Crime, Mystery",7.1,2010-04-28,Ended,71.0,2010,16,Medium,Drama
Tru Calling,English,"Drama, Fantasy",7.9,2003-10-30,Ended,79.0,2003,23,Medium,Drama
Masters of Science Fiction,English,"Drama, Science-Fiction",7.1,2007-08-04,Ended,71.0,2007,19,Medium,Drama
Do No Harm,English,"Drama, Horror, Medical",7.8,2013-01-31,Ended,78.0,2013,13,Medium,Drama
Zero Hour,English,"Drama, Thriller, Supernatural",7.6,2013-02-14,Ended,76.0,2013,13,Medium,Drama
Vanderpump Rules,English,Unknown,5.7,2013-01-07,Running,57.0,2013,13,Low,Unknown
Undercovers,English,Drama,6.1,2010-09-22,Ended,61.0,2010,16,Medium,Drama
The Playboy Club,English,Drama,7.7,2011-09-19,Ended,77.0,2011,15,Medium,Drama
The Pillars of the Earth,English,"Drama, Romance, History",7.7,2010-07-23,Ended,77.0,2010,16,Medium,Drama
Newport Harbor: The Real Orange County,English,Unknown,7.6,2004-09-28,Ended,76.0,2004,22,Low,Unknown
Fear Itself,English,"Drama, Horror",6.1,2008-06-05,Ended,61.0,2008,18,Medium,Drama
Halo 4: Forward Unto Dawn,English,"Action, Science-Fiction",7.5,2012-10-05,Ended,75.0,2012,14,Medium,Action
Legend of Earthsea,English,"Drama, Adventure, Fantasy",5.9,2004-12-13,Ended,59.0,2004,22,Low,Drama
The Inside,English,"Drama, Crime",7.1,2005-06-08,Ended,71.0,2005,21,Medium,Drama
Criminal Minds: Suspect Behavior,English,"Drama, Crime, Mystery",6.7,2011-02-16,Ended,67.0,2011,15,Medium,Drama
Cult,English,"Drama, Thriller, Mystery",5.5,2013-02-19,Ended,55.0,2013,13,Low,Drama
Dr. Horrible's Sing-Along Blog,English,"Comedy, Music, Science-Fiction",8.0,2008-07-15,Ended,80.0,2008,18,High,Comedy
The Glee Project,English,"Drama, Family, Music",7.6,2011-06-12,Ended,76.0,2011,15,Low,Drama
Alice,English,"Adventure, Fantasy",7.2,2009-12-06,Ended,72.0,2009,17,Medium,Adventure
Lights Out,English,"Drama, Crime, Sports",7.2,2011-01-11,Ended,72.0,2011,15,Medium,Drama
The City,English,Unknown,7.6,2008-12-29,Ended,76.0,2008,18,Low,Unknown
Angel o Demonio,Spanish,"Drama, Fantasy, Mystery",7.6,2011-02-01,Ended,76.0,2011,15,Low,Drama
Audrina,English,Unknown,7.6,2011-04-17,Ended,76.0,2011,15,Low,Unknown
Punta Escarlata,Spanish,Unknown,7.6,2011-07-25,Ended,76.0,2011,15,Low,Unknown
Acusados,Spanish,Drama,7.6,2009-01-28,Ended,76.0,2009,17,Low,Drama
El Internado,Spanish,"Drama, Thriller, Mystery",8.0,2007-05-24,Ended,80.0,2007,19,High,Drama
Motivos Personales,Spanish,Unknown,7.6,2005-02-01,Ended,76.0,2005,21,Low,Unknown
Hay alguien ahí,Spanish,"Thriller, Supernatural",7.6,2009-03-16,Ended,76.0,2009,17,Low,Thriller
Sorority Sisters,English,Unknown,7.6,2014-12-15,Ended,76.0,2014,12,Low,Unknown
Life,English,"Drama, Crime",8.0,2007-09-26,Ended,80.0,2007,19,High,Drama
Robin Hood,English,"Drama, Action, Adventure",6.9,2006-10-07,Ended,69.0,2006,20,Medium,Drama
Sons of Guns,English,Unknown,7.6,2011-01-26,Ended,76.0,2011,15,Low,Unknown
Zoey 101,English,"Drama, Comedy, Family",5.3,2005-01-09,Ended,53.0,2005,21,Low,Drama
The Young Indiana Jones Chronicles,English,"Action, Adventure, Fantasy",7.3,1992-03-04,Ended,73.0,1992,34,Medium,Action
World Without End,English,"Drama, Romance, History",7.7,2012-09-04,Ended,77.0,2012,14,Medium,Drama
Wonderfalls,English,"Drama, Comedy, Fantasy",7.9,2004-10-04,Ended,79.0,2004,22,Medium,Drama
The White Queen,English,"Drama, History",7.9,2013-06-16,Ended,79.0,2013,13,Medium,Drama
Whitechapel,English,"Drama, Crime, Mystery",7.9,2009-02-02,Ended,79.0,2009,17,Medium,Drama
Viper,English,Action,7.6,1994-01-02,Ended,76.0,1994,32,Low,Action
Verano Azul,Spanish,"Drama, Comedy, Family",7.6,1981-10-11,Ended,76.0,1981,45,Low,Drama
Upstairs Downstairs,English,Drama,7.6,2010-12-26,Ended,76.0,2010,16,Medium,Drama
Ultimate Survival Alaska,English,Unknown,7.6,2013-05-12,Ended,76.0,2013,13,Low,Unknown
Trophy Wife,English,Comedy,6.9,2013-09-24,Ended,69.0,2013,13,Medium,Comedy
Top of the Lake,English,"Drama, Crime, Mystery",7.7,2013-03-18,Ended,77.0,2013,13,Medium,Drama
The 10th Kingdom,English,"Drama, Adventure, Fantasy",8.0,2000-02-27,Ended,80.0,2000,26,High,Drama
21 Jump Street,English,"Drama, Action, Adventure",6.9,1987-04-12,Ended,69.0,1987,39,Medium,Drama
3rd Rock from the Sun,English,"Comedy, Family, Science-Fiction",7.8,1996-01-09,Ended,78.0,1996,30,Medium,Comedy
Absolutely Fabulous,English,Comedy,7.7,1992-11-12,Ended,77.0,1992,34,Medium,Comedy
The Adventures of Tintin,English,"Adventure, Children, Mystery",6.9,1992-10-18,Ended,69.0,1992,34,Medium,Adventure
'Allo 'Allo!,English,"Comedy, War",8.0,1982-12-30,Ended,80.0,1982,44,High,Comedy
The Assets,English,Thriller,7.9,2014-01-02,Ended,79.0,2014,12,Medium,Thriller
The A-Team,English,"Action, Adventure",7.3,1983-01-23,Ended,73.0,1983,43,Medium,Action
Titanic,English,Drama,7.0,2012-03-25,Ended,70.0,2012,14,Medium,Drama
Terriers,English,"Drama, Comedy, Crime",8.0,2010-09-08,Ended,80.0,2010,16,High,Drama
Survivors,English,"Drama, Science-Fiction",7.2,2008-11-23,Ended,72.0,2008,18,Medium,Drama
Studio 60 on the Sunset Strip,English,"Drama, Comedy",8.0,2006-09-18,Ended,80.0,2006,20,High,Drama
The State Within,English,"Drama, Thriller",7.6,2006-11-02,Ended,76.0,2006,20,Low,Drama
Spaced,English,Comedy,7.9,1999-09-24,Ended,79.0,1999,27,Medium,Comedy
South Riding,English,"Drama, Romance",7.6,2011-02-20,Ended,76.0,2011,15,Low,Drama
South of Nowhere,English,Drama,7.6,2005-11-04,Ended,76.0,2005,21,Low,Drama
Six Degrees,English,"Drama, Mystery",7.6,2006-09-21,Ended,76.0,2006,20,Low,Drama
Samantha Who?,English,"Comedy, Romance",7.4,2007-10-15,Ended,74.0,2007,19,Medium,Comedy
Baywatch,English,"Drama, Action, Adventure",6.3,1989-09-22,Ended,63.0,1989,37,Medium,Drama
Birdsong,English,"Drama, Romance, War",7.8,2012-01-22,Ended,78.0,2012,14,Medium,Drama
Blackadder,English,"Comedy, History",8.4,1983-06-15,Ended,84.0,1983,43,High,Comedy
Bomb Girls,English,"Drama, Romance, War",7.7,2012-01-04,Ended,77.0,2012,14,Medium,Drama
Bonekickers,English,"Drama, Adventure",6.5,2008-07-08,Ended,65.0,2008,18,Medium,Drama
Brideshead Revisited,English,Drama,8.0,1981-10-12,Ended,80.0,1981,45,High,Drama
Frank Herbert's Children of Dune,English,"Drama, Science-Fiction",7.7,2003-03-16,Ended,77.0,2003,23,Medium,Drama
The Riches,English,"Drama, Comedy",7.9,2007-03-12,Ended,79.0,2007,19,Medium,Drama
Profiler,English,"Drama, Crime, Thriller",7.7,1996-09-21,Ended,77.0,1996,30,Medium,Drama
Primeval: New World,English,"Drama, Adventure, Fantasy",7.2,2012-10-29,Ended,72.0,2012,14,Medium,Drama
Political Animals,English,Drama,7.7,2012-07-15,Ended,77.0,2012,14,Medium,Drama
ReactToThat,English,Unknown,7.6,2014-12-15,Ended,76.0,2014,12,Low,Unknown
Commander in Chief,English,Drama,7.7,2005-09-27,Ended,77.0,2005,21,Medium,Drama
Coupling,English,"Comedy, Romance",8.0,2000-05-12,Ended,80.0,2000,26,High,Comedy
Cranford,English,Drama,7.9,2007-11-18,Ended,79.0,2007,19,Medium,Drama
The Crimson Petal and the White,English,"Drama, Thriller",6.7,2011-04-06,Ended,67.0,2011,15,Medium,Drama
Crusade,English,"Drama, Action, Science-Fiction",7.8,1999-06-09,Ended,78.0,1999,27,Medium,Drama
Cupid,English,"Drama, Comedy, Romance",8.0,1998-09-26,Ended,80.0,1998,28,High,Drama
Death Comes to Pemberley,English,"Drama, Romance, Mystery",7.5,2013-12-26,Ended,75.0,2013,13,Medium,Drama
The Devil's Whore,English,"Drama, War, History",7.8,2008-11-19,Ended,78.0,2008,18,Medium,Drama
Dinotopia,English,"Adventure, Family, Fantasy",6.2,2002-11-28,Ended,62.0,2002,24,Medium,Adventure
"Doogie Howser, M.D.",English,"Comedy, Medical",7.0,1989-09-19,Ended,70.0,1989,37,Medium,Comedy
Drive,English,"Drama, Action, Adventure",7.7,2007-04-13,Ended,77.0,2007,19,Medium,Drama
"Dr. Quinn, Medicine Woman",English,"Drama, Family, Western",7.0,1993-01-01,Ended,70.0,1993,33,Medium,Drama
Early Edition,English,"Drama, Fantasy, Science-Fiction",7.7,1996-09-28,Ended,77.0,1996,30,Medium,Drama
Enlisted,English,Comedy,7.8,2014-01-10,Ended,78.0,2014,12,Medium,Comedy
The Fades,English,"Drama, Thriller, Supernatural",7.3,2011-09-21,Ended,73.0,2011,15,Medium,Drama
Frank Herbert's Dune,English,"Drama, Science-Fiction",7.8,2000-12-03,Ended,78.0,2000,26,Medium,Drama
Hatfields & McCoys,English,"Drama, Romance, Western",7.9,2012-05-28,Ended,79.0,2012,14,Medium,Drama
The Hour,English,"Drama, Thriller, Espionage",7.4,2011-07-19,Ended,74.0,2011,15,Medium,Drama
"I, Claudius",English,"Drama, History",8.0,1976-09-20,Ended,80.0,1976,50,High,Drama
In a Land of Plenty,English,Drama,7.6,2001-01-10,Ended,76.0,2001,25,Low,Drama
Jack & Jill,English,"Drama, Comedy",7.6,1999-09-26,Ended,76.0,1999,27,Low,Drama
Jekyll,English,"Drama, Horror, Science-Fiction",7.0,2007-06-16,Ended,70.0,2007,19,Medium,Drama
Judging Amy,English,"Drama, Family, Legal",7.2,1999-09-19,Ended,72.0,1999,27,Medium,Drama
Kings,English,"Drama, Science-Fiction",8.0,2009-03-15,Ended,80.0,2009,17,High,Drama
Klondike,English,"Drama, Adventure, History",7.1,2014-01-20,Ended,71.0,2014,12,Medium,Drama
Um Mundo Catita,Portuguese,Unknown,7.6,2008-11-05,Ended,76.0,2008,18,Low,Unknown
K-Ville,English,Drama,7.3,2007-09-17,Ended,73.0,2007,19,Medium,Drama
Lip Service,English,"Drama, Romance",7.6,2010-10-12,Ended,76.0,2010,16,Medium,Drama
Mad About You,English,"Comedy, Romance",7.4,1992-09-23,Ended,74.0,1992,34,Medium,Comedy
The Middleman,English,"Drama, Comedy, Science-Fiction",7.8,2008-06-16,Ended,78.0,2008,18,Medium,Drama
Mildred Pierce,English,Drama,7.8,2011-03-27,Ended,78.0,2011,15,Medium,Drama
My Family,English,"Comedy, Family",7.5,2000-09-19,Ended,75.0,2000,26,Medium,Comedy
The Nanny,English,"Comedy, Family",7.3,1993-11-03,Ended,73.0,1993,33,Medium,Comedy
Cowboy Bebop,Japanese,"Action, Adventure, Anime, Science-Fiction",8.5,1998-10-24,Ended,85.0,1998,28,High,Action
Amazing Stories,English,"Fantasy, Science-Fiction",7.5,1985-09-29,Ended,75.0,1985,41,Medium,Fantasy
American Gothic,English,"Drama, Horror",7.6,1995-09-22,Ended,76.0,1995,31,Medium,Drama
Becoming Human,English,"Drama, Fantasy, Horror",7.6,2011-01-30,Ended,76.0,2011,15,Medium,Drama
Brimstone,English,"Action, Fantasy, Horror",7.4,1998-10-23,Ended,74.0,1998,28,Medium,Action
Clone,English,Comedy,7.6,2008-11-17,Ended,76.0,2008,18,Low,Comedy
Cosmos,English,"Mystery, Nature, History",8.5,1980-09-28,Ended,85.0,1980,46,High,Mystery
Dungeons & Dragons,English,"Adventure, Fantasy",6.4,1983-09-17,Ended,64.0,1983,43,Medium,Adventure
Journeyman,English,"Drama, Science-Fiction, Mystery",7.5,2007-09-24,Ended,75.0,2007,19,Medium,Drama
Neverland,English,"Adventure, Fantasy",6.6,2011-12-04,Ended,66.0,2011,15,Medium,Adventure
Neverwhere,English,"Drama, Fantasy",5.9,1996-09-12,Ended,59.0,1996,30,Low,Drama
Planet of the Apes,English,"Drama, Adventure, Science-Fiction",6.9,1974-09-13,Ended,69.0,1974,52,Medium,Drama
ThunderCats,English,"Action, Adventure",7.7,2011-07-29,Ended,77.0,2011,15,Medium,Action
The Time Tunnel,English,"Adventure, Science-Fiction",7.8,1966-09-09,Ended,78.0,1966,60,Medium,Adventure
Tron: Uprising,English,"Action, Adventure, Science-Fiction",7.8,2012-05-18,Ended,78.0,2012,14,Medium,Action
Party Down,English,Comedy,7.2,2009-03-20,Ended,72.0,2009,17,Medium,Comedy
Impractical Jokers,English,Comedy,7.6,2011-12-15,Running,76.0,2011,15,Medium,Comedy
Gates,English,Comedy,7.6,2012-08-14,Ended,76.0,2012,14,Low,Comedy
Eastbound & Down,English,"Drama, Comedy, Sports",7.3,2009-02-15,Ended,73.0,2009,17,Medium,Drama
Celebrity Motor Homes,English,Unknown,7.6,2011-12-22,Ended,76.0,2011,15,Low,Unknown
Extra,English,Unknown,7.6,1994-09-05,Running,76.0,1994,32,Low,Unknown
Mecum Dealmakers,English,Unknown,7.6,2014-07-31,Ended,76.0,2014,12,Low,Unknown
Beat Bobby Flay,English,Food,5.6,2013-08-25,Running,56.0,2013,13,Low,Food
A Stranger in My Home,English,"Crime, Mystery",7.6,2013-10-13,Ended,76.0,2013,13,Low,Crime
Kröd Mändoon and the Flaming Sword of Fire,English,"Comedy, Action, Fantasy",6.6,2009-04-09,Ended,66.0,2009,17,Medium,Comedy
Life As We Know It,English,"Drama, Comedy",6.3,2004-10-07,Ended,63.0,2004,22,Medium,Drama
Seven Ages of Rock,English,Music,7.6,2007-05-19,Ended,76.0,2007,19,Low,Music
The Young Ones,English,Comedy,7.9,1982-11-09,Ended,79.0,1982,44,Medium,Comedy
The Net,English,Thriller,6.5,1998-07-19,Ended,65.0,1998,28,Medium,Thriller
New Amsterdam,English,"Drama, Crime, Fantasy",7.8,2008-03-04,Ended,78.0,2008,18,Medium,Drama
The Nine,English,"Drama, Mystery",7.5,2006-10-04,Ended,75.0,2006,20,Medium,Drama
No Heroics,English,"Comedy, Fantasy",7.6,2008-09-18,Ended,76.0,2008,18,Low,Comedy
North & South,English,"Drama, Romance",8.0,2004-11-14,Ended,80.0,2004,22,High,Drama
North and South,English,"Drama, History",8.2,1985-11-03,Ended,82.0,1985,41,High,Drama
October Road,English,Drama,7.2,2007-03-15,Ended,72.0,2007,19,Medium,Drama
Once and Again,English,"Drama, Family, Romance",7.8,1999-09-21,Ended,78.0,1999,27,Medium,Drama
Out of Practice,English,Comedy,7.5,2005-09-19,Ended,75.0,2005,21,Medium,Comedy
Parade's End,English,"Drama, War, History",7.8,2012-08-24,Ended,78.0,2012,14,Medium,Drama
The Paradise,English,"Drama, Romance, History",7.8,2012-09-25,Ended,78.0,2012,14,Medium,Drama
Parker Lewis Can't Lose,English,Comedy,8.0,1990-09-02,Ended,80.0,1990,36,High,Comedy
Party of Five,English,"Drama, Family",7.0,1994-09-12,Ended,70.0,1994,32,Medium,Drama
Picket Fences,English,"Drama, Family",5.3,1992-09-18,Ended,53.0,1992,34,Low,Drama
Agatha Christie's Poirot,English,"Drama, Crime, Mystery",8.2,1989-01-08,Ended,82.0,1989,37,High,Drama
Maison Close,French,Drama,7.6,2010-10-04,Ended,76.0,2010,16,Low,Drama
Les Revenants,French,"Drama, Fantasy, Horror",7.6,2012-11-26,Ended,76.0,2012,14,Medium,Drama
Les Rois Maudits,French,"Drama, History",7.6,2005-11-07,Ended,76.0,2005,21,Low,Drama
Mysteries at the Castle,English,"Mystery, History",7.6,2014-01-19,Ended,76.0,2014,12,Low,Mystery
Branson Famous,English,Music,7.6,2014-12-29,Ended,76.0,2014,12,Low,Music
Big Women: Big Love,English,Romance,7.6,2015-01-01,Ended,76.0,2015,11,Low,Romance
Child Genius,English,Unknown,7.6,2015-01-06,Ended,76.0,2015,11,Low,Unknown
Open Heart,English,"Drama, Mystery, Medical",7.6,2015-01-20,Ended,76.0,2015,11,Low,Drama
Nightwatch,English,Medical,7.7,2015-01-22,To Be Determined,77.0,2015,11,Medium,Medical
The Slap,English,Drama,7.1,2015-02-12,Ended,71.0,2015,11,Medium,Drama
Good Witch,English,"Family, Romance, Mystery",8.0,2008-01-18,Ended,80.0,2008,18,High,Family
American Odyssey,English,"Action, Adventure, Thriller",6.8,2015-04-05,Ended,68.0,2015,11,Medium,Action
Wayward Pines,English,"Drama, Science-Fiction, Mystery",7.5,2015-05-14,Ended,75.0,2015,11,Medium,Drama
Museum Men,English,Unknown,7.6,2014-11-29,Ended,76.0,2014,12,Low,Unknown
Sex Sent Me to the ER,English,Unknown,7.6,2013-12-28,Ended,76.0,2013,13,Low,Unknown
I'd Kill for You,English,"Drama, Crime, Mystery",7.6,2013-11-02,Ended,76.0,2013,13,Low,Drama
Railroad Alaska,English,"Action, Adventure",7.6,2013-11-16,Ended,76.0,2013,13,Low,Action
America Unearthed,English,History,7.7,2012-12-21,Ended,77.0,2012,14,Medium,History
Fatal Vows,English,"Drama, Crime, Thriller",6.2,2012-11-17,Ended,62.0,2012,14,Medium,Drama
Extreme Escapes,English,Unknown,7.6,2014-11-29,Ended,76.0,2014,12,Low,Unknown
Caught on Camera with Nick Cannon,English,Unknown,7.6,2014-12-19,Ended,76.0,2014,12,Low,Unknown
Say Yes to the Dress: Since the Big Day,English,Unknown,7.6,2011-10-14,Ended,76.0,2011,15,Low,Unknown
Wives with Knives,English,Unknown,7.6,2012-11-23,Running,76.0,2012,14,Low,Unknown
"Something Borrowed, Something New",English,Unknown,7.6,2013-02-08,Ended,76.0,2013,13,Low,Unknown
Brad Meltzer's Lost History,English,History,7.6,2014-10-31,Ended,76.0,2014,12,Low,History
Who the (Bleep) Did I Marry?,English,Crime,6.3,2010-08-04,To Be Determined,63.0,2010,16,Medium,Crime
Finding Bigfoot,English,Unknown,7.6,2011-05-30,Ended,76.0,2011,15,Low,Unknown
Alaska: The Last Frontier,English,Adventure,7.9,2011-12-29,Ended,79.0,2011,15,Medium,Adventure
Most Evil,English,Unknown,6.8,2006-07-13,Ended,68.0,2006,20,Medium,Unknown
A Haunting,English,"Drama, Horror, Mystery",7.9,2005-10-28,Ended,79.0,2005,21,Medium,Drama
Cutthroat Kitchen,English,Food,6.8,2013-08-11,Ended,68.0,2013,13,Medium,Food
Alaska Off-Road Warriors,English,"Adventure, Sports",7.6,2014-11-30,Ended,76.0,2014,12,Low,Adventure
Bizarre Foods with Andrew Zimmern,English,"Food, Travel",7.0,2007-02-26,Ended,70.0,2007,19,Medium,Food
Street Outlaws: Full Throttle,English,Unknown,7.6,2013-06-21,Ended,76.0,2013,13,Low,Unknown
The Little Couple,English,Unknown,7.3,2009-05-26,Ended,73.0,2009,17,Medium,Unknown
A Crime to Remember,English,"Drama, Crime, Mystery",6.9,2013-11-12,Ended,69.0,2013,13,Medium,Drama
Suave Says,English,Unknown,7.6,2014-12-03,Ended,76.0,2014,12,Low,Unknown
Little Women: LA,English,Drama,4.2,2014-05-27,Ended,42.0,2014,12,Low,Drama
The Millionaire Matchmaker,English,Unknown,7.6,2008-01-22,Ended,76.0,2008,18,Low,Unknown
Alaskan Bush People,English,"Adventure, Nature",6.6,2014-05-06,Ended,66.0,2014,12,Medium,Adventure
The Curse of Oak Island,English,"Adventure, Mystery, Nature",6.8,2014-01-05,Running,68.0,2014,12,Medium,Adventure
How to Make It in America,English,"Drama, Comedy",7.6,2010-02-14,Ended,76.0,2010,16,Medium,Drama
Mixology,English,"Comedy, Romance",7.3,2014-02-26,Ended,73.0,2014,12,Medium,Comedy
Almost Royal,English,Comedy,6.7,2014-06-21,Ended,67.0,2014,12,Medium,Comedy
Cleaners,English,"Action, Crime, Thriller",6.5,2013-10-03,Ended,65.0,2013,13,Medium,Action
Come Fly with Me,English,"Comedy, Travel",7.9,2010-12-25,Ended,79.0,2010,16,Medium,Comedy
Hollands Hoop,Dutch,"Drama, Crime",7.6,2014-09-27,Ended,76.0,2014,12,Low,Drama
Bosch,English,"Drama, Crime, Mystery",8.5,2015-02-13,Ended,85.0,2015,11,High,Drama
The Defenders,English,"Drama, Comedy, Legal",6.6,2010-09-22,Ended,66.0,2010,16,Medium,Drama
Family Tree,English,"Drama, Comedy",6.1,2013-05-12,Ended,61.0,2013,13,Medium,Drama
Wallander,English,"Drama, Crime",7.9,2008-11-30,Ended,79.0,2008,18,Medium,Drama
Super Fun Night,English,Comedy,6.9,2013-10-02,Ended,69.0,2013,13,Medium,Comedy
Sleeper Cell,English,"Drama, Crime, Espionage",7.9,2005-12-04,Ended,79.0,2005,21,Medium,Drama
"Unsere Mütter, unsere Väter",German,"Drama, Action, War",8.0,2013-03-17,Ended,80.0,2013,13,High,Drama
Red Widow,English,"Drama, Crime, Thriller",6.6,2013-03-03,Ended,66.0,2013,13,Medium,Drama
Profugos,Spanish,"Drama, Action, Crime",7.6,2011-09-04,Ended,76.0,2011,15,Low,Drama
Prime Suspect,English,"Drama, Crime, Thriller",6.7,2011-09-22,Ended,67.0,2011,15,Medium,Drama
Penoza,Dutch,"Drama, Crime",8.0,2010-09-12,Ended,80.0,2010,16,High,Drama
Paradox,English,"Drama, Science-Fiction",6.8,2009-11-24,Ended,68.0,2009,17,Medium,Drama
Outsourced,English,Comedy,7.9,2010-09-23,Ended,79.0,2010,16,Medium,Comedy
North America,English,Nature,7.6,2013-05-19,Ended,76.0,2013,13,Low,Nature
Nieuwe Buren,Dutch,Drama,7.6,2014-09-14,Ended,76.0,2014,12,Low,Drama
The Mob Doctor,English,"Drama, Medical",6.6,2012-09-17,Ended,66.0,2012,14,Medium,Drama
Low Winter Sun,English,"Drama, Crime",7.3,2013-08-11,Ended,73.0,2013,13,Medium,Drama
King & Maxwell,English,"Drama, Action, Crime",7.7,2013-06-10,Ended,77.0,2013,13,Medium,Drama
The Kill Point,English,"Drama, Action, Crime",6.6,2007-07-22,Ended,66.0,2007,19,Medium,Drama
The Kennedys,English,"Drama, History",7.7,2011-04-03,Ended,77.0,2011,15,Medium,Drama
Gang Related,English,"Drama, Action, Crime",6.9,2014-05-22,Ended,69.0,2014,12,Medium,Drama
Generation Kill,English,"Drama, War",7.9,2008-07-13,Ended,79.0,2008,18,Medium,Drama
Golden Boy,English,"Drama, Crime",7.1,2013-02-26,Ended,71.0,2013,13,Medium,Drama
Hit & Miss,English,"Drama, Action, Crime",7.8,2012-05-22,Ended,78.0,2012,14,Medium,Drama
Houdini,English,Drama,8.0,2014-09-01,Ended,80.0,2014,12,High,Drama
How to Live with Your Parents (for the Rest of Your Life),English,Comedy,6.3,2013-04-03,Ended,63.0,2013,13,Medium,Comedy
Ironside,English,"Drama, Action, Crime",7.7,2013-10-02,Ended,77.0,2013,13,Medium,Drama
The Jeff Dunham Show,English,Comedy,6.6,2009-10-22,Ended,66.0,2009,17,Medium,Comedy
Gooische Vrouwen,Dutch,"Drama, Romance",7.6,2005-10-30,Ended,76.0,2005,21,Low,Drama
Blossom,English,"Drama, Comedy, Family",7.4,1990-07-05,Ended,74.0,1990,36,Medium,Drama
The Brady Bunch,English,"Comedy, Family",7.3,1969-09-26,Ended,73.0,1969,57,Medium,Comedy
